Collection,DOIs,Licenses,Subjects,Studies,Series,Images,File Size,Disk Space,Body Parts,Modalities,Manufacturers,Min DateReleased,Max DateReleased,UniqueDateReleased
4D-Lung,https://doi.org/10.7937/k9/tcia.2016.eln8ygle,Creative Commons Attribution 3.0 Unported License,20,589,6690,347330,183043903814,183.04 GB,LUNG,"CT, RTSTRUCT","Varian Imaging Laboratories, Switzerland, ADAC",2015-07-20 17:24:28,2016-10-14 12:34:18,"2015-07-20, 2015-07-21, 2015-07-22, 2015-07-23, 2016-10-12, 2016-10-14"
A091105,"https://doi.org/10.7937/0wf5-sj50, https://doi.org/10.7937/t8rn-j447",NCTN Data Archive License,83,1140,14422,725071,279230321368,279.23 GB,"ABDOMEN, Not Specified, EXTREMITY, CALF, SHOULDER, PELVIS, CHEST, LOWERLIMB, NECK, ELBOW, ABDOMENPELVIS, KNEE, UPPERLIMB, SPINE, THIGH, CHESTABDOMEN, LIVER, HUMERUS, FEMUR, HIP, HEADNECK, CHESTABDPELVIS, HEAD, LUNG, NECKCHEST, WHOLEBODY, BRAIN, SCAPULA, NECKCHESTABDOMEN, NECKCHESTABDPELV, HAND, FOOT","MR, CT, RTSTRUCT","SIEMENS, GE MEDICAL SYSTEMS, Siemens, Philips, GE MEDICAL SYSTEMS / MIM Software, Philips Medical Systems, Philips Healthcare, SIEMENS / MIM Software, Hitachi Medical Corporation, TOSHIBA, TOSHIBA_MEC, Open Health Imaging Foundation",2023-02-10 00:00:00,2023-11-13 00:00:00,"2023-02-10, 2023-11-13"
AAPM-RT-MAC,https://doi.org/10.7937/tcia.2019.bcfjqfqb,TCIA Limited Access License,55,55,110,6655,3523477652,3.52 GB,"HEADNECK, Not Specified, ABDOMEN, BRAIN","MR, RTSTRUCT","SIEMENS, RaySearch Laboratories",2019-05-19 11:18:44,2019-07-31 09:57:11,"2019-05-19, 2019-06-07, 2019-07-31"
ACNS0332,"https://doi.org/10.7937/tcia.582b-xz89, https://doi.org/10.7937/d8a8-6252",NCTN Data Archive License,85,688,11955,379341,99682929086,99.68 GB,"Not Specified, HEAD, CSPINE, BRAIN, SPINE, TSPINE, ORBIT","MR, CT, RTSTRUCT, SEG","SIEMENS, GE MEDICAL SYSTEMS, Philips Medical Systems, Philips Medical Systems, Inc., Picker, Philips, Philips Healthcare, Toshiba, AMICAS Inc., Hitachi Medical Corporation, Not Specified, Unspecified",2021-05-04 00:00:00,2022-10-05 00:00:00,"2021-05-04, 2022-10-05"
ACRIN-6698,https://doi.org/10.7937/tcia.kk02-6d95,Creative Commons Attribution 4.0 International License,385,1123,18747,2911334,841954205762,841.95 GB,"Not Specified, BREAST, TSPINE","MR, SEG","GE MEDICAL SYSTEMS, Philips Medical Systems, Philips Healthcare, SIEMENS",2022-05-02 00:00:00,2022-05-02 00:00:00,2022-05-02
ACRIN-Contralateral-Breast-MR,https://doi.org/10.7937/q1ee-j082,Creative Commons Attribution 4.0 International License,984,1103,10184,626782,199593301222,199.59 GB,BREAST,"MR, CR","Philips Medical Systems, GE MEDICAL SYSTEMS, Confirma Inc., SIEMENS, Canon Medical Systems, Siemens, Not Specified, LUMISYS",2020-06-19 21:38:04,2020-12-17 06:02:53,"2020-06-19, 2020-06-20, 2020-06-29, 2020-07-14, 2020-10-30, 2020-11-29, 2020-11-30, 2020-12-17"
ACRIN-DSC-MR-Brain,https://doi.org/10.7937/tcia.2019.zr1pjf4i,TCIA Limited Access License,123,566,7629,717070,86886455912,86.89 GB,"Not Specified, BRAIN, HEAD","MR, CT","GE MEDICAL SYSTEMS, Not Specified, Philips Medical Systems, SIEMENS, Philips, Marconi",2019-02-07 10:56:26,2019-02-13 16:37:34,"2019-02-07, 2019-02-08, 2019-02-09, 2019-02-12, 2019-02-13"
ACRIN-FLT-Breast,Not Specified,Creative Commons Attribution 3.0 Unported License,83,363,1480,688598,74235657080,74.24 GB,"BREAST, Not Specified, CHEST, ABDOMEN","CT, PT, OT","SIEMENS, Not Specified, Philips Medical Systems, GE MEDICAL SYSTEMS, GE MEDICAL SYSTEMS, NUCLEAR, CPS",2017-12-11 00:00:00,2020-01-24 00:00:00,"2017-12-11, 2020-01-24"
ACRIN-FMISO-Brain,https://doi.org/10.7937/k9/tcia.2018.vohlekok,TCIA Limited Access License,45,423,4728,670828,96107613356,96.11 GB,BRAIN,"MR, PT, CT","GE MEDICAL SYSTEMS, Philips Medical Systems, TOSHIBA_MEC, SIEMENS, Philips Healthcare, Not Specified, NeuroLogica, PMOD Technologies, Imaging Biometrics LLC",2018-02-12 00:00:00,2019-07-02 00:00:00,"2018-02-12, 2019-07-02"
ACRIN-HNSCC-FDG-PET-CT,"https://doi.org/10.7937/k9/tcia.2016.jqejzzng, https://doi.org/10.7937/jvgc-aq36",TCIA Limited Access License,260,681,5443,463067,147802729582,147.80 GB,"NECK, Not Specified, ABDOMEN, CHEST, HEAD, BRAIN, PET, SPINE, WHOLEBODY, MEDIASTINUM, HEADNECK","CT, PT, MR, NM, RTSTRUCT","SIEMENS, CPS, GE MEDICAL SYSTEMS, Philips Medical Systems, Philips, TOSHIBA, SIEMENS NM, Siemens, Hitachi Medical Corporation, Not Specified, Open Health Imaging Foundation",2020-03-13 00:00:00,2023-11-13 00:00:00,"2020-03-13, 2021-11-23, 2023-11-13"
ACRIN-NSCLC-FDG-PET,https://doi.org/10.7937/tcia.2019.30ilqfcl,Creative Commons Attribution 3.0 Unported License,242,950,3377,497367,145495139530,145.50 GB,"Not Specified, CHEST, ABDOMEN, CHESTABDOMEN, THORAX, BRAIN, OUTSIDE FIL, ABDOMENPELVIS, CHESTABDPELVIS, HEAD","PT, CT, MR, CR, DX, NM, SC","GE MEDICAL SYSTEMS, Philips, CPS, SIEMENS, Philips Medical Systems / MIMvista, Philips / MIMvista, Siemens, TOSHIBA, Philips Medical Systems, GE MEDICAL SYSTEMS / MIMvista, SIEMENS / MIMvista, Not Specified, DIRECT RADIOGRAPHY CORP, McKesson Medical Imaging Group, Vital Images, Inc, KODAK, SIEMENS NM, FUJI PHOTO FILM Co., ltd., Barco, Agfa, ""GE Healthcare"", GE MEDICAL SYSTEMS, NUCLEAR, GEMS",2018-12-31 00:00:00,2020-02-11 00:00:00,"2018-12-31, 2020-02-11"
AHEP0731,"https://doi.org/10.7937/f2db-8826, https://doi.org/10.7937/bdbn-nq81,  https://doi.org/10.7937/f2db-8826",NCTN Data Archive License,190,855,6387,418392,220890782040,220.89 GB,"CHEST, Not Specified, ABDOMEN, CHESTABDPELVIS, NECK, HEAD, ABDOMENPELVIS, LIVER, CHESTABDOMEN, LSPINE, HIP, GALLBLADDER, BRAIN","CT, MR, US, RTSTRUCT, PT, XA","SIEMENS, Vital Images, Inc, TOSHIBA, GE MEDICAL SYSTEMS, Philips, Philips Medical Systems, TOSHIBA_MEC, GE Healthcare, ACUSON, GE Medical Systems, Siemens, Siemens Medical Systems - Ultrasound Division, Barco, ATL, Open Health Imaging Foundation, MPTronic software, TERARECON, SIEMENS Ultrasound, AMICAS Inc., Philips Healthcare, ZONARE",2021-03-30 00:00:00,2024-10-30 00:00:00,"2021-03-30, 2024-01-05, 2024-10-30"
AHOD0831,"https://doi.org/10.7937/cv5m-1h59, https://doi.org/10.7937/4qad-4280",NCTN Data Archive License,165,1650,13366,1102909,450250756284,450.25 GB,"Not Specified, ABDOMEN, NECK, WHOLEBODY, CHEST, SPINE, PELVIS, ABDOMENPELVIS, HEAD, CHESTABDPELVIS, NA, CHESTABDOMEN, NECKCHESTABDPELV, TSPINE, HIP, FEMUR, HEADNECK","CT, PT, MR, NM, CR, DX, SC, XA, OT, RTSTRUCT","GE MEDICAL SYSTEMS, SIEMENS, Philips, CPS, Philips Medical Systems, Siemens, GE MEDICAL SYSTEMS / MIMvista, TOSHIBA, ECAT, CPS / MIM Software, Marconi Medical Systems, NM Division, CPS / MIMvista, ""GE Healthcare"", Agfa, FUJIFILM Corporation, AGFA, Agfa-Gevaert AG, KODAK, SIEMENS NM, FUJI PHOTO FILM Co., ltd., Not Specified, SIEMENS / MIMvista, Canon Inc., ICON DM, McKesson Medical Imaging Group, Philips Medical Systems / MIMvista, Philips / MIMvista, MIMvista Corp, GE MEDICAL SYSTEMS, NUCLEAR, Barco, GEMS, CARESTREAM HEALTH, Open Health Imaging Foundation",2022-06-08 00:00:00,2023-02-10 00:00:00,"2022-06-08, 2023-02-10"
APOLLO-1-Pilot,Not Specified,Creative Commons Attribution 3.0 Unported License,48,243,1443,191158,85334089644,85.33 GB,"Not Specified, ABDOMEN, CHEST, whole body, NECK, HEAD","PT, CT","SIEMENS, GE MEDICAL SYSTEMS, TOSHIBA, CPS, CPS / MIMvista, Philips, Not Specified, SIEMENS / MIMvista",2019-10-09 13:57:50,2019-11-21 03:28:23,"2019-10-09, 2019-11-20, 2019-11-21"
APOLLO-5-BLCA,Not Specified,TCIA Embargo Attribution License,5,25,287,31432,45359309836,45.36 GB,"ABDOMEN, Not Specified, CHEST, EXTREMITY","MR, CT, US, XA, DX","SIEMENS, GE MEDICAL SYSTEMS, Siemens Healthineers, Philips Medical Systems, Canon Medical Systems, CANON_MEC, Canon Inc.",2023-01-31 00:00:00,2025-02-28 00:00:00,"2023-01-31, 2023-08-31, 2024-07-31, 2024-08-30, 2025-02-28"
APOLLO-5-BRCA,Not Specified,TCIA Embargo Attribution License,73,308,1971,133324,223634359274,223.63 GB,"Not Specified, CHEST, ABDOMEN, BRAIN, HEAD, TSPINE, CSPINE, BREAST, SPINE, LSPINE, NECK","CT, MR, NM, US, MG, PT","GE MEDICAL SYSTEMS, SIEMENS, Siemens Healthineers, SIEMENS NM, Philips Medical Systems, SuperSonic Imagine SA, HOLOGIC, Inc., TOSHIBA_MEC, Invivo, GE Medical Systems",2022-08-31 00:00:00,2024-12-27 00:00:00,"2022-08-31, 2023-02-26, 2023-05-27, 2023-08-31, 2023-09-27, 2023-11-30, 2023-12-31, 2024-01-31, 2024-02-26, 2024-04-30, 2024-05-31, 2024-08-30, 2024-12-27"
APOLLO-5-CCRCC,Not Specified,TCIA Embargo Attribution License,20,421,2584,290586,162152926118,162.15 GB,"Not Specified, ABDOMEN, CHEST, RENALA, TSPINE, LSPINE, BRAIN, CSPINE, PELVIS, HIP, NECK, KIDNEY, HEAD, EXTREMITY, LIVER, SPINE, ABDOMENPELVIS","CT, MR, PT, NM, US","GE MEDICAL SYSTEMS, Siemens Healthineers, SIEMENS, Philips, Philips Medical Systems, Picker International, Inc., SIEMENS NM, GE Healthcare, TOSHIBA",2022-08-31 00:00:00,2025-03-28 00:00:00,"2022-08-31, 2022-09-30, 2022-10-31, 2022-12-30, 2023-01-31, 2023-08-31, 2023-11-30, 2023-12-31, 2024-02-26, 2024-03-29, 2024-04-30, 2024-07-31, 2024-08-30, 2025-03-28"
APOLLO-5-CHOL,Not Specified,TCIA Embargo Attribution License,7,122,1488,123648,54135136320,54.14 GB,"ABDOMEN, Not Specified, CHEST, ABDOMENPELVIS, LIVER","MR, CT, PT, US","SIEMENS, GE MEDICAL SYSTEMS, Siemens Healthineers, SAMSUNG MEDISON CO.,LTD., Siemens, Philips Medical Systems",2022-08-31 00:00:00,2025-03-28 00:00:00,"2022-08-31, 2022-09-30, 2022-10-31, 2022-12-30, 2023-02-26, 2023-04-30, 2023-08-31, 2024-04-30, 2024-08-30, 2025-03-28"
APOLLO-5-CM,Not Specified,TCIA Embargo Attribution License,8,279,1633,225865,118332527654,118.33 GB,"ABDOMEN, CHEST, Not Specified, NECK, SHOULDER, CSPINE, HEAD, BRAIN, WHOLEBODY, HIP, TSPINE, BREAST, PELVIS","CT, MR, PT, NM, US, MG","SIEMENS, GE MEDICAL SYSTEMS, SIEMENS NM, Siemens Healthineers, SIEMENS / MIM Software, Siemens, Philips Medical Systems, HOLOGIC, Inc.",2022-08-31 00:00:00,2025-03-28 00:00:00,"2022-08-31, 2022-10-31, 2022-12-30, 2023-01-31, 2023-02-26, 2023-08-31, 2023-12-31, 2024-01-31, 2024-08-30, 2025-03-28"
APOLLO-5-COAD,Not Specified,TCIA Embargo Attribution License,55,1065,7255,777963,382381270718,382.38 GB,"Not Specified, ABDOMEN, CHEST, PELVIS, WHOLEBODY, ABDOMENPELVIS, LIVER, HEAD, CHESTABDPELVIS, CHESTABDOMEN, RECTUM, SPINE, NECK","MR, PT, CT, US","SIEMENS, GE MEDICAL SYSTEMS, Siemens Healthineers, Philips, TOSHIBA, TOSHIBA_MEC, Siemens, SIEMENS / MIM Software, Philips Medical Systems, GE MEDICAL SYSTEMS / MIM Software",2022-06-23 00:00:00,2025-03-28 00:00:00,"2022-06-23, 2022-08-22, 2022-08-31, 2022-09-01, 2022-09-30, 2022-10-31, 2022-11-30, 2022-12-30, 2023-01-31, 2023-02-26, 2023-04-30, 2023-05-27, 2023-08-31, 2023-11-30, 2023-12-31, 2024-01-31, 2024-03-29, 2024-04-30, 2024-07-31, 2024-08-30, 2024-09-30, 2024-11-27, 2024-12-27, 2025-01-30, 2025-02-28, 2025-03-28"
APOLLO-5-ENDOCRINE-MISC,Not Specified,TCIA Embargo Attribution License,1,2,5,552,547146632,547.15 MB,"ABDOMEN, Not Specified","CT, US",SIEMENS,2023-01-31 00:00:00,2023-01-31 00:00:00,2023-01-31
APOLLO-5-ESCA,Not Specified,TCIA Embargo Attribution License,2,40,129,12567,7125809174,7.13 GB,"Not Specified, CHEST, ABDOMEN, HEART","CT, PT, NM, US, DX","GE MEDICAL SYSTEMS, SIEMENS, Siemens Healthineers, GE MEDICAL SYSTEMS, NUCLEAR, Philips Medical Systems, Canon Inc.",2022-10-31 00:00:00,2025-02-28 00:00:00,"2022-10-31, 2023-08-31, 2025-02-28"
APOLLO-5-GIST,Not Specified,TCIA Embargo Attribution License,5,33,177,25563,13300568028,13.30 GB,"Not Specified, ABDOMEN, CHEST","CT, PT, MR, US","GE MEDICAL SYSTEMS, SIEMENS, Siemens Healthineers, Philips Medical Systems",2022-08-25 00:00:00,2024-08-30 00:00:00,"2022-08-25, 2022-08-31, 2022-10-31, 2024-01-31, 2024-07-31, 2024-08-30, Not Specified"
APOLLO-5-HEME-OTHER,Not Specified,TCIA Embargo Attribution License,4,19,142,21262,8967303792,8.97 GB,"WHOLEBODY, Not Specified, ABDOMEN","PT, CT, MR","SIEMENS, GE MEDICAL SYSTEMS, Philips, SIEMENS / MIM Software, Philips Medical Systems, Siemens Healthineers, Siemens",2024-08-30 00:00:00,2025-02-28 00:00:00,"2024-08-30, 2025-02-28"
APOLLO-5-HNSCC,Not Specified,TCIA Embargo Attribution License,18,185,1334,163752,81522295506,81.52 GB,"ABDOMEN, NECK, Not Specified, BRAIN, CHEST, SPINE, HEAD, TSPINE, WHOLEBODY, SHOULDER, HIP","CT, PT, MR, NM, US, DX, RF","SIEMENS, GE MEDICAL SYSTEMS, Philips, Siemens Healthineers, TOSHIBA, SIEMENS NM, GE MEDICAL SYSTEMS / MIM Software, Siemens, Philips Medical Systems, SIEMENS / MIM Software, GE Healthcare, Canon Inc., Carestream Health",2022-08-31 00:00:00,2025-02-28 00:00:00,"2022-08-31, 2022-09-30, 2022-12-30, 2023-01-31, 2023-08-31, 2023-12-31, 2024-01-31, 2024-03-29, 2024-07-31, 2024-08-30, 2025-02-28"
APOLLO-5-KICH,Not Specified,TCIA Embargo Attribution License,2,35,180,22584,13723853562,13.72 GB,"Not Specified, ABDOMEN, ABDOMENPELVIS, CHEST","CT, MR","GE MEDICAL SYSTEMS, SIEMENS, Siemens Healthineers, Philips",2023-01-31 00:00:00,2025-03-28 00:00:00,"2023-01-31, 2023-08-31, 2024-08-30, 2025-03-28"
APOLLO-5-KIDNEY-MISC,Not Specified,TCIA Embargo Attribution License,1,3,32,4963,2625955272,2.63 GB,"ABDOMEN, CHEST",CT,"GE MEDICAL SYSTEMS, Canon Medical Systems",2025-02-28 00:00:00,2025-02-28 00:00:00,2025-02-28
APOLLO-5-KIRP,Not Specified,TCIA Embargo Attribution License,5,48,286,36295,19373798242,19.37 GB,"Not Specified, ABDOMEN","CT, MR, US","GE MEDICAL SYSTEMS, SIEMENS, Siemens Healthineers, Philips Medical Systems, GE Healthcare",2023-01-31 00:00:00,2024-08-30 00:00:00,"2023-01-31, 2023-08-31, 2023-11-30, 2023-12-31, 2024-02-26, 2024-08-30"
APOLLO-5-LIHC,Not Specified,TCIA Embargo Attribution License,7,136,1329,136801,61253714660,61.25 GB,"Not Specified, CHEST, ABDOMEN, ABDOMENPELVIS","CT, MR, NM, PT, US","GE MEDICAL SYSTEMS, SIEMENS, Siemens Healthineers, GE MEDICAL SYSTEMS, CT, GE MEDICAL SYSTEMS, NUCLEAR, Siemens, Philips, GE MEDICAL SYSTEMS / MIM Software, Philips Medical Systems",2022-09-30 00:00:00,2025-03-28 00:00:00,"2022-09-30, 2022-12-30, 2023-01-31, 2023-02-26, 2023-08-31, 2024-08-30, 2025-03-28"
APOLLO-5-LSCC,Not Specified,TCIA Embargo Attribution License,33,404,2361,309248,155607482450,155.61 GB,"Not Specified, ABDOMEN, CHEST, HEART, ABDOMENPELVIS, CHESTABDPELVIS, NECK, WHOLEBODY","PT, CT, MR","SIEMENS, GE MEDICAL SYSTEMS, Siemens Healthineers, Siemens Healthcare, CPS, Philips, SIEMENS / MIM Software, GE MEDICAL SYSTEMS / MIM Software",2022-08-31 00:00:00,2025-03-28 00:00:00,"2022-08-31, 2022-09-30, 2022-10-31, 2022-12-30, 2023-01-31, 2023-02-26, 2023-04-30, 2023-05-27, 2023-08-31, 2023-11-30, 2024-03-29, 2024-08-30, 2024-09-30, 2025-02-28, 2025-03-28"
APOLLO-5-LUAD,Not Specified,TCIA Embargo Attribution License,67,975,5465,652472,331009284234,331.01 GB,"WHOLEBODY, CHEST, ABDOMEN, Not Specified, CHESTABDPELVIS, CSPINE, NECK, SPINE, HEAD, TSPINE, LSPINE, SHOULDER","PT, CT, MR, CR, US, DX, XA","CPS, GE MEDICAL SYSTEMS, SIEMENS, SIEMENS NM, Siemens Healthineers, TOSHIBA, Philips, SIEMENS / MIM Software, GE MEDICAL SYSTEMS / MIM Software, CARESTREAM HEALTH, Riverain Technologies, GE Healthcare, Philips Medical Systems, Canon Medical Systems, Canon Inc., Carestream Health, Samsung Electronics, ZONARE",2022-08-31 00:00:00,2025-03-28 00:00:00,"2022-08-31, 2022-09-30, 2022-10-31, 2022-11-30, 2022-12-30, 2023-01-31, 2023-02-26, 2023-05-27, 2023-08-31, 2023-12-31, 2024-02-26, 2024-03-29, 2024-08-30, 2024-12-27, 2025-02-28, 2025-03-28"
APOLLO-5-LUNG-MISC,Not Specified,TCIA Embargo Attribution License,7,58,256,31700,15818163764,15.82 GB,"Not Specified, ABDOMEN, CHEST, LSPINE","CT, PT, MR, DX, CR","GE MEDICAL SYSTEMS, CPS, SIEMENS, Siemens Healthineers, Canon Inc., Samsung Electronics, Philips Medical Systems, Carestream Health",2022-09-30 00:00:00,2025-02-28 00:00:00,"2022-09-30, 2022-10-31, 2023-02-26, 2024-12-27, 2025-02-28"
APOLLO-5-MESO,Not Specified,TCIA Embargo Attribution License,1,33,164,20987,11098450238,11.10 GB,"Not Specified, ABDOMEN, TSPINE","CT, PT, MR, NM","GE MEDICAL SYSTEMS, SIEMENS, Siemens Healthineers, SIEMENS NM",2024-01-31 00:00:00,2024-01-31 00:00:00,2024-01-31
APOLLO-5-MISC,Not Specified,TCIA Embargo Attribution License,8,132,614,61435,34984390982,34.98 GB,"CHEST, ABDOMEN, Not Specified, NECK, HEAD, BRAIN, WHOLEBODY, LSPINE, HIP, PELVIS, ABDOMENPELVIS","CT, MR, PT, CR, DX","SIEMENS, Siemens Healthineers, GE MEDICAL SYSTEMS, Carestream, Carestream Health",2022-12-30 00:00:00,2025-03-28 00:00:00,"2022-12-30, 2023-01-31, 2023-04-30, 2024-02-26, 2024-04-30, 2024-08-30, 2025-02-28, 2025-03-28"
APOLLO-5-MSG,Not Specified,TCIA Embargo Attribution License,2,9,78,9853,5083569144,5.08 GB,"Not Specified, ABDOMEN, NECK, HEAD, ORBIT, CHEST","CT, PT, MR, CR","GE MEDICAL SYSTEMS, SIEMENS, Carestream Health",2023-01-31 00:00:00,2025-02-28 00:00:00,"2023-01-31, 2025-02-28"
APOLLO-5-NET,"Not Specified, Not Specified",TCIA Embargo Attribution License,23,466,4348,363658,148860644666,148.86 GB,"Not Specified, ABDOMEN, CHEST, HEAD, NECK, PELVIS, WHOLEBODY, LIVER, SHOULDER, LSPINE, SPINE","CT, PT, MR, XA, NM, US","GE MEDICAL SYSTEMS, SIEMENS, Siemens, Siemens Healthineers, CPS, TOSHIBA, SIEMENS NM, Philips Medical Systems, SIEMENS / MIM Software, GE MEDICAL SYSTEMS / MIM Software, Riverain Technologies",2022-08-31 00:00:00,2024-12-27 00:00:00,"2022-08-31, 2022-09-30, 2022-10-31, 2022-12-30, 2023-01-31, 2023-02-26, 2023-05-27, 2023-08-31, 2024-02-26, 2024-03-29, 2024-04-30, 2024-07-31, 2024-08-30, 2024-11-27, 2024-12-27"
APOLLO-5-NONCANCER,Not Specified,TCIA Embargo Attribution License,6,10,64,8107,3487581336,3.49 GB,"Not Specified, CHEST, NECK","MR, CT, PT, NM","GE MEDICAL SYSTEMS, SIEMENS",2022-10-31 00:00:00,2025-02-28 00:00:00,"2022-10-31, 2023-01-31, 2025-02-28"
APOLLO-5-OV,"Not Specified, Not Specified",TCIA Embargo Attribution License,50,401,2174,283633,141249896014,141.25 GB,"CHEST, CHESTABDOMEN, ABDOMENPELVIS, CHESTABDPELVIS, Not Specified, ABDOMEN, FEMUR","CT, PT, MR, US","GE MEDICAL SYSTEMS, SIEMENS, Siemens Healthineers, Philips Medical Systems, SIEMENS / MIM Software, GE Healthcare, TOSHIBA, SAMSUNG MEDISON CO.,LTD.",2022-08-31 00:00:00,2025-03-28 00:00:00,"2022-08-31, 2022-10-31, 2023-01-31, 2023-04-30, 2023-07-29, 2023-08-31, 2023-12-31, 2024-03-29, 2024-04-30, 2024-05-31, 2024-11-27, 2024-12-27, 2025-01-30, 2025-02-28, 2025-03-28"
APOLLO-5-PAAD,Not Specified,TCIA Embargo Attribution License,5,58,400,41860,23122665690,23.12 GB,"ABDOMEN, Not Specified, LSPINE, CHEST","CT, MR, US, PT","SIEMENS, GE MEDICAL SYSTEMS, Philips Medical Systems, Siemens Healthineers",2022-12-30 00:00:00,2024-08-30 00:00:00,"2022-12-30, 2023-01-31, 2023-05-27, 2023-08-31, 2024-04-30, 2024-08-30"
APOLLO-5-PRAD,Not Specified,TCIA Embargo Attribution License,18,77,967,77722,30455374322,30.46 GB,"Not Specified, WHOLEBODY, PELVIS, ABDOMEN, PROSTATE, CHEST, SHOULDER, TSPINE, SPINE","CT, US, PT, MR, NM","Philips, B-K Medical, SIEMENS, SIEMENS / MIM Software, GE MEDICAL SYSTEMS, BK Medical, Siemens Healthineers, TOSHIBA, Siemens, SIEMENS NM, Riverain Technologies",2023-01-31 00:00:00,2025-03-28 00:00:00,"2023-01-31, 2023-02-26, 2023-04-30, 2023-05-27, 2023-11-30, 2023-12-31, 2024-02-26, 2024-03-29, 2024-04-30, 2024-08-30, 2024-11-27, 2024-12-27, 2025-02-28, 2025-03-28"
APOLLO-5-SAR,Not Specified,TCIA Embargo Attribution License,12,326,1922,203139,98138717004,98.14 GB,"Not Specified, HUMERUS, ABDOMEN, CHEST, ABDOMENPELVIS, LOWERLIMB, TIBIAFIBULA, HIP, LSPINE, TSPINE, PELVIS, WHOLEBODY, THIGH, LOWERLEG","CT, MR, NM, US, PT","GE MEDICAL SYSTEMS, SIEMENS, TOSHIBA, Siemens Healthineers, SIEMENS NM, GE Healthcare, Philips Medical Systems, Philips, GE MEDICAL SYSTEMS / MIM Software, SIEMENS / MIM Software",2022-08-31 00:00:00,2025-01-30 00:00:00,"2022-08-31, 2022-12-30, 2023-02-26, 2023-05-27, 2023-08-31, 2023-11-30, 2023-12-31, 2024-01-31, 2024-02-26, 2024-03-29, 2024-04-30, 2024-08-30, 2025-01-30"
APOLLO-5-SKIN-MISC,Not Specified,TCIA Embargo Attribution License,1,2,10,728,346488848,346.49 MB,Not Specified,"CT, NM","GE MEDICAL SYSTEMS, SIEMENS NM",2024-03-29 00:00:00,2024-03-29 00:00:00,2024-03-29
APOLLO-5-STAD,Not Specified,TCIA Embargo Attribution License,1,8,66,10166,5042214294,5.04 GB,"Not Specified, LSPINE, WHOLEBODY, CHEST, ABDOMEN","CT, PT","GE MEDICAL SYSTEMS, SIEMENS, Riverain Technologies, SIEMENS / MIM Software",2023-12-31 00:00:00,2023-12-31 00:00:00,2023-12-31
APOLLO-5-TGCT,Not Specified,TCIA Embargo Attribution License,2,23,110,18310,13704557770,13.70 GB,"Not Specified, ABDOMEN, CHEST","CT, US","GE MEDICAL SYSTEMS, SIEMENS, GE Healthcare, Philips Medical Systems, SAMSUNG MEDISON CO.,LTD., Siemens Healthineers",2024-11-27 00:00:00,2025-01-30 00:00:00,"2024-11-27, 2025-01-30"
APOLLO-5-THCA,Not Specified,TCIA Embargo Attribution License,11,101,249,170594,138891308120,138.89 GB,"HEART, NECK, Not Specified, ABDOMEN, CHEST","PT, US, CT, NM","SIEMENS, Philips Medical Systems, SIEMENS NM, GE MEDICAL SYSTEMS, SAMSUNG MEDISON CO.,LTD., Siemens Healthineers, GE Healthcare",2022-08-31 00:00:00,2025-03-28 00:00:00,"2022-08-31, 2023-01-31, 2023-05-27, 2024-02-26, 2024-08-30, 2025-01-30, 2025-02-28, 2025-03-28"
APOLLO-5-THYM,Not Specified,TCIA Embargo Attribution License,1,26,165,22179,11595437322,11.60 GB,"CHEST, Not Specified, ABDOMEN","CT, MR, PT","SIEMENS, GE MEDICAL SYSTEMS, Siemens Healthineers",2022-08-31 00:00:00,2022-10-31 00:00:00,"2022-08-31, 2022-10-31"
APOLLO-5-UCEC,Not Specified,TCIA Embargo Attribution License,19,127,658,86251,49251815614,49.25 GB,"Not Specified, CHEST, ABDOMEN, PELVIS, ABDOMENPELVIS, WHOLEBODY, HEAD","CT, PT, US, MR","GE MEDICAL SYSTEMS, Siemens Healthineers, SIEMENS, SIEMENS / MIM Software, SAMSUNG MEDISON CO.,LTD., Philips Medical Systems, GE Healthcare",2022-10-31 00:00:00,2025-03-28 00:00:00,"2022-10-31, 2024-03-29, 2024-04-30, 2024-05-31, 2024-08-30, 2024-12-27, 2025-02-28, 2025-03-28"
APOLLO-5-US,Not Specified,TCIA Embargo Attribution License,1,29,147,18848,10358254788,10.36 GB,"Not Specified, CHEST, ABDOMEN","CT, PT","GE MEDICAL SYSTEMS, SIEMENS, Siemens Healthineers",2024-03-29 00:00:00,2024-03-29 00:00:00,2024-03-29
ARAR0331,"https://doi.org/10.7937/wtec-mn22, https://doi.org/10.25737/h65s-8f58",NCTN Data Archive License,108,803,9203,332245,127517260560,127.52 GB,"BRAIN, ABDOMEN, Not Specified, CHEST, HEAD, NECK, LSPINE, FACE, CHESTABDPELVIS, CSPINE, LIVER, HEADNECK, PELVIS, SPINE, CHESTABDOMEN, CORONARYSINUS, WHOLEBODY","MR, PT, CT, NM, RTIMAGE, RTSTRUCT","Philips Medical Systems, SIEMENS, GE MEDICAL SYSTEMS, Barco, SIEMENS / MIMvista, TOSHIBA, Philips, Not Specified, CPS, Siemens, PACSGEAR, TERARECON, SIEMENS NM, GE MEDICAL SYSTEMS, NUCLEAR, Varian Medical Systems, ICON DM, Philips Medical Systems, NM Division, Open Health Imaging Foundation",2022-10-21 00:00:00,2023-11-14 00:00:00,"2022-10-21, 2023-11-14"
AREN0532,"https://doi.org/10.7937/6pj1-m859, https://doi.org/10.7937/kja4-1z76",NCTN Data Archive License,544,1021,8434,474587,253977304962,253.98 GB,"ABDOMEN, Not Specified, CHEST, ABDOMENPELVIS, CHESTABDPELVIS, THORAX, NECKCHESTABDPELV, NECK, PELVIS, KIDNEY, CHESTABDOMEN, SPINE, HEAD, RETROPERITONEUM","CT, MR, PT, RTIMAGE, CR, US, RTSTRUCT","SIEMENS, GE MEDICAL SYSTEMS, TOSHIBA, Philips, Marconi Medical Systems, Inc., Siemens, Philips Medical Systems, Picker International, Inc., TERARECON, Barco, Not Specified, PACS Support, FUJI PHOTO FILM Co., ltd., AMICAS-NSC, ACUSON, TOSHIBA_MEC, ATL, GE Medical Systems, Siemens Medical Systems - Ultrasound Division, GE Healthcare, ZONARE, Open Health Imaging Foundation",2022-03-31 00:00:00,2023-02-09 00:00:00,"2022-03-31, 2023-02-09"
AREN0533,"https://doi.org/10.7937/sjez-cj78, https://doi.org/10.7937/wfcc-da41",NCTN Data Archive License,294,845,7786,367107,199233598828,199.23 GB,"Not Specified, ABDOMEN, CHEST, CHESTABDPELVIS, HEAD, THORAX, PELVIS, CHESTABDOMEN, ABDOMENPELVIS, MR","CT, MR, CR, US, RTSTRUCT","GE MEDICAL SYSTEMS, SIEMENS, TOSHIBA, Philips, Philips Medical Systems, TERARECON, Barco, Philips Medical Systems, Inc., Toshiba, Siemens, FUJI PHOTO FILM Co., ltd., Agfa HealthCare Informatics, Not Specified, Varian Medical Systems, Vital Images, Inc, PACS Support, ACUSON, ATL, TOSHIBA_MEC, GE Healthcare, GE Medical Systems, Siemens Medical Systems - Ultrasound Division, G.E. Medical Systems, Open Health Imaging Foundation",2022-01-20 00:00:00,2023-01-31 00:00:00,"2022-01-20, 2023-01-31"
AREN0534,"https://doi.org/10.7937/tcia.5m9s-6y97, https://doi.org/10.7937/n930-bm78",NCTN Data Archive License,239,1176,15878,808574,361098956916,361.10 GB,"Not Specified, CHEST, ABDOMEN, CHESTABDPELVIS, LIVER, NECK, ABDOMENPELVIS, SPINE, CHESTABDOMEN, BRAIN, KIDNEY, PET","CT, MR, PT, US, OT, RTSTRUCT","Philips, SIEMENS, Philips Medical Systems, GE MEDICAL SYSTEMS, TOSHIBA, Siemens, Barco, Agfa HealthCare Informatics, TERARECON, Vital Images, Inc, PACSGEAR, Philips Healthcare, Siemens Healthcare, Vital Images, Inc., Toshiba, PACS Support, Not Specified, McKesson Medical Imaging Group, GE Healthcare, ACUSON, Open Health Imaging Foundation",2021-11-09 00:00:00,2023-02-09 00:00:00,"2021-11-09, 2023-02-09"
Adrenal-ACC-Ki67-Seg,https://doi.org/10.7937/1fpg-vm46,Creative Commons Attribution 4.0 International License,53,65,177,18255,9885015432,9.89 GB,"ADRENAL, ABDOMEN, ABDOMENPELVIS","CT, SEG","Philips, GE MEDICAL SYSTEMS, SIEMENS, QIICR, Unknown manufacturer, TOSHIBA",2023-05-22 00:00:00,2023-05-22 00:00:00,2023-05-22
Advanced-MRI-Breast-Lesions,https://doi.org/10.7937/c7x1-yn57,Creative Commons Attribution 4.0 International License,632,632,6811,1259688,645619221104,645.62 GB,BREAST,"MR, SEG","GE MEDICAL SYSTEMS, QIICR",2024-02-01 00:00:00,2024-04-15 00:00:00,"2024-02-01, 2024-04-15"
Anti-PD-1_Lung, https://doi.org/10.7937/tcia.2019.zjjwb9ip,Creative Commons Attribution 3.0 Unported License,46,86,677,134465,61237515488,61.24 GB,"Not Specified, ABDOMEN, CHESTABDPELVIS, CHEST, HEAD","PT, CT, SC","GE MEDICAL SYSTEMS, SIEMENS, Philips, Philips Medical Systems, TOSHIBA",2019-04-19 00:00:00,2019-04-19 00:00:00,2019-04-19
Anti-PD-1_MELANOMA,https://doi.org/10.7937/tcia.2019.1ae0qtcu,TCIA Limited Access License,47,179,1814,234113,98413175888,98.41 GB,Not Specified,"MR, CT, PT","SIEMENS, GE MEDICAL SYSTEMS",2018-07-30 00:00:00,2018-07-30 00:00:00,2018-07-30
Apollo2-Ovarian-Pilot,"Not Specified, https://doi.org/10.7937/k9/tcia.2020.85sp-0b40, Not Specified",Creative Commons Attribution 3.0 Unported License,89,257,1240,148510,81051472946,81.05 GB,"OVARY, Not Specified, ABDOMENPELVIS, CHEST","CT, PT, CR, DX, RTSTRUCT","GE MEDICAL SYSTEMS, MPTronic software, TOSHIBA, Philips Medical Systems, Philips, SIEMENS, FUJIFILM Corporation, Agfa, Carestream Health, Microsoft Corporation",2018-06-28 14:59:09,2024-05-31 00:00:00,"2018-06-28, 2021-01-28, 2024-05-31"
B-mode-and-CEUS-Liver,https://doi.org/10.7937/tcia.2021.v4z7-tc39,Creative Commons Attribution 4.0 International License,120,120,120,1859,272159479540,272.16 GB,LIVER,US,GE Healthcare,2021-08-04 00:00:00,2022-02-18 00:00:00,"2021-08-04, 2022-02-18"
BREAST-DIAGNOSIS,"https://doi.org/10.7937/k9/tcia.2015.sdnrqxxr, https://doi.org/10.7937/tcia.2019.wgllssg1",Creative Commons Attribution 3.0 Unported License,88,148,523,105144,60871104492,60.87 GB,"BREAST, Not Specified","MR, CT, PT, MG, SR","Philips Medical Systems, GE MEDICAL SYSTEMS, LORAD, Lorad, A Hologic Company, PixelMed",2011-11-09 00:00:00,2020-05-15 14:55:13,"2011-11-09, 2020-05-15"
Brain-TR-GammaKnife,https://doi.org/10.7937/xb6d-py67,TCIA Limited Access License,47,76,228,16792,9588341380,9.59 GB,"HEAD, BRAIN","MR, RTDOSE, RTSTRUCT","SIEMENS, Elekta, MIM Software Inc., MIM Software",2023-03-21 00:00:00,2023-03-21 00:00:00,2023-03-21
Brain-Tumor-Progression,https://doi.org/10.7937/k9/tcia.2018.15quzvnb,TCIA Limited Access License,20,40,383,8798,3160483188,3.16 GB,BRAIN,MR,"Imaging Biometrics LLC, GE MEDICAL SYSTEMS, SIEMENS",2018-01-31 00:00:00,2018-01-31 00:00:00,2018-01-31
Breast-Cancer-Screening-DBT,https://doi.org/10.7937/e4wt-cd02,Creative Commons Attribution-NonCommercial 4.0 International License,5060,5610,22032,22032,1637812393364,1.64 TB,BREAST,MG,"HOLOGIC, Inc.",2020-10-16 17:13:11,2021-03-31 12:16:02,"2020-10-16, 2021-03-23, 2021-03-24, 2021-03-31"
Breast-MRI-NACT-Pilot,"https://doi.org/10.7937/k9/tcia.2016.qhsyhjky, https://doi.org/10.7937/tcia.2019.wgllssg1",Creative Commons Attribution 3.0 Unported License,64,189,2791,99503,20237881206,20.24 GB,"BREAST, Not Specified","MR, SEG, SR","GE MEDICAL SYSTEMS, PixelMed",2016-01-30 00:00:00,2023-08-07 00:00:00,"2016-01-30, 2020-05-20, 2023-08-07"
Burdenko-GBM-Progression,https://doi.org/10.7937/e1qp-d183,TCIA Limited Access License,180,645,4956,344003,131228826732,131.23 GB,"Not Specified, HEAD, BRAIN, ABDOMEN","CT, MR, RTSTRUCT, RTDOSE, RTPLAN","GE MEDICAL SYSTEMS, TOSHIBA_MEC, SIEMENS, Philips Medical Systems, Varian Medical Systems, Medical Physics Center, CJSC NPF AZ, TOSHIBA, Hitachi Medical Corporation, HITACHI MEDICAL CORPORATION",2023-04-10 00:00:00,2023-04-10 00:00:00,2023-04-10
C4KC-KiTS,https://doi.org/10.7937/tcia.2019.ix49e8nx,Creative Commons Attribution 3.0 Unported License,210,210,621,71423,40722798026,40.72 GB,"ABDOMEN, KIDNEY, Not Specified, CHEST, ABDOMENPELVIS, CHESTABDPELVIS, WO INTER","CT, SEG","SIEMENS, Philips, GE MEDICAL SYSTEMS, TOSHIBA, QIICR",2020-06-17 15:29:03,2020-06-17 17:16:50,2020-06-17
CALGB50303,"https://doi.org/10.7937/cm65-a013, https://doi.org/10.7937/9jer-g980",NCTN Data Archive License,155,610,5021,513001,136292682226,136.29 GB,"ABDOMEN, Not Specified, NECK, PELVIS, CHEST, HEAD, LYMPH NODE, TONSIL, HEADNECK, PANCREAS, THYROID, PERIANAL, ADRENAL, ABDOMENPELVIS, HIP, THIGH, THORAX, UTERUS, NECKCHESTABDPELV, SCAPULA, TRACHEA, CERVIX, INGUINALCANAL, PALATINETONSIL, SINUS, AORTA, INTESTINE, BLADDER, PARASPINAL, SCROTUM, SHOULDER, RIB, PHARYNX, MUSCLE, BONE, CHESTABDOMEN, MASS, HUMERUS, SIGMOID, PORTALV, TONSILLAR, KIDNEY, SPINE","CT, PT, OT, RTSTRUCT","SIEMENS / MIMvista, CPS / MIMvista, CPS, SIEMENS, GE MEDICAL SYSTEMS, GE MEDICAL SYSTEMS, NUCLEAR, Philips, Philips Medical Systems, Not Specified, Siemens, Open Health Imaging Foundation",2021-03-30 00:00:00,2023-03-30 00:00:00,"2021-03-30, 2023-03-30"
CBIS-DDSM,https://doi.org/10.7937/k9/tcia.2016.7o02s9cy,Creative Commons Attribution 3.0 Unported License,6671,6775,6775,10239,163512966728,163.51 GB,BREAST,MG,Not Specified,2016-08-01 01:17:56,2017-09-27 17:18:32,"2016-08-01, 2016-08-08, 2016-10-04, 2017-09-05, 2017-09-06, 2017-09-16, 2017-09-21, 2017-09-25, 2017-09-26, 2017-09-27"
CC-Radiomics-Phantom,https://doi.org/10.7937/k9/tcia.2017.zuzrml5b,Creative Commons Attribution 3.0 Unported License,17,17,51,2672,1431663758,1.43 GB,Phantom,"CT, RTSTRUCT","GE MEDICAL SYSTEMS, Philips, ADAC, TOSHIBA, SIEMENS",2017-07-28 00:00:00,2017-07-28 00:00:00,2017-07-28
CC-Radiomics-Phantom-2,https://doi.org/10.7937/tcia.2019.4l24tz5g,Creative Commons Attribution 3.0 Unported License,251,251,251,57839,30479900532,30.48 GB,"CHEST, Not Specified",CT,"SIEMENS, Philips, GE MEDICAL SYSTEMS",2019-02-27 00:00:00,2019-02-27 00:00:00,2019-02-27
CC-Radiomics-Phantom-3,https://doi.org/10.7937/tcia.2019.j71i4fah,Creative Commons Attribution 3.0 Unported License,95,113,550,25612,13439844698,13.44 GB,Not Specified,"RTSTRUCT, CT",Not Specified,2019-05-08 00:00:00,2019-05-08 00:00:00,2019-05-08
CC-Tumor-Heterogeneity,https://doi.org/10.7937/erz5-qz59,Creative Commons Attribution 4.0 International License,23,171,821,131556,28393594790,28.39 GB,PELVIS,"MR, PT, CT, RTSTRUCT, REG","GE MEDICAL SYSTEMS, SIEMENS, Philips Medical Systems, Philips, GE MEDICAL SYSTEMS / MIM Software, MIM Software Inc.",2023-01-20 00:00:00,2023-01-20 00:00:00,2023-01-20
CMB-AML,https://doi.org/10.7937/pcte-6m66,"TCIA Limited Access License, Creative Commons Attribution 4.0 International License",4,20,103,6426,2997477172,3.00 GB,"Not Specified, BRAIN, HEAD, CHEST","CT, MR, XA","GE MEDICAL SYSTEMS, Siemens Healthineers, Siemens, SIEMENS",2024-08-04 00:00:00,2024-08-28 00:00:00,"2024-08-04, 2024-08-28"
CMB-BRCA,https://doi.org/10.7937/dx22-8j71,Creative Commons Attribution 4.0 International License,1,6,59,7552,4459162210,4.46 GB,"ABDOMEN, CHEST",CT,SIEMENS,2024-12-17 00:00:00,2024-12-17 00:00:00,2024-12-17
CMB-CRC,https://doi.org/10.7937/djg7-gz87,"Creative Commons Attribution 4.0 International License, TCIA Limited Access License",33,280,1964,229508,137663459608,137.66 GB,"Not Specified, ABDOMEN, ABDOMENPELVIS, CHESTABDPELVIS, CSPINE, CHESTABDOMEN, WHOLEBODY, HEAD, CHEST, LSPINE, BRAIN, PELVIS, LIVER","CT, MR, PT, US, XA, DX, NM","GE MEDICAL SYSTEMS, SIEMENS, TOSHIBA, Canon Medical Systems, Hitachi, Ltd., GE Healthcare, CANON_MEC, TOSHIBA_MEC, Vital Images, Inc., Philips, Philips Medical Systems, GE Healthcare Surgery, Samsung Electronics, FUJIFILM Corporation, Canon Inc., Philips Healthcare, Bayer HealthCare LLC, Siemens Healthineers",2024-08-04 00:00:00,2024-08-28 00:00:00,"2024-08-04, 2024-08-28"
CMB-GEC,https://doi.org/10.7937/e7kh-r486,"TCIA Limited Access License, Creative Commons Attribution 4.0 International License",5,24,154,28054,14321099524,14.32 GB,"ABDOMEN, WHOLEBODY, Not Specified, CHEST","PT, CT, MR","SIEMENS, GE MEDICAL SYSTEMS, SIEMENS / MIM Software",2024-08-04 00:00:00,2024-08-28 00:00:00,"2024-08-04, 2024-08-28"
CMB-LCA,https://doi.org/10.7937/3cx3-s132,"Creative Commons Attribution 4.0 International License, TCIA Limited Access License",32,186,1348,156468,85891251798,85.89 GB,"ABDOMEN, CHESTABDOMEN, Not Specified, WHOLEBODY, PELVIS, HEAD, CHESTABDPELVIS, HEADNECK, BRAIN, NECK, SPINE, CHEST, ABDOMENPELVIS, LUNG, LSPINE, BODY, LOWERLIMB, HIP","MR, PT, CT, NM, US, DX","SIEMENS, TOSHIBA, GE MEDICAL SYSTEMS, Canon Medical Systems, Philips, UIH, Philips Medical Systems, SIEMENS NM, Neusoft Medical Systems, GE Healthcare, Vital Images, Inc., FUJIFILM Corporation, Siemens Healthineers, Siemens, Philips Healthcare",2024-08-04 00:00:00,2024-12-17 00:00:00,"2024-08-04, 2024-08-28, 2024-12-17"
CMB-MEL,https://doi.org/10.7937/gwsp-wh72,"TCIA Limited Access License, Creative Commons Attribution 4.0 International License",29,151,964,176586,70973759970,70.97 GB,"ABDOMEN, CHEST, BRAIN, Not Specified, NECKCHESTABDPELV, CHESTABDPELVIS, WHOLEBODY, HEAD, ABDOMENPELVIS, LIVER, SPINE, CHESTABDOMEN, FOOT, NECK, NECKCHESTABDOMEN, NECKCHEST","CT, MR, PT, US","SIEMENS, Siemens Healthineers, TOSHIBA, Philips, GE MEDICAL SYSTEMS, Hitachi, Ltd., GE Healthcare",2024-08-04 00:00:00,2024-12-17 00:00:00,"2024-08-04, 2024-08-28, 2024-12-17"
CMB-MML,https://doi.org/10.7937/szkb-sw39,"TCIA Limited Access License, Creative Commons Attribution 4.0 International License",36,125,657,92641,32115724298,32.12 GB,"Not Specified, CHESTABDPELVIS, CSPINE, PELVIS, ABDOMEN, EXTREMITY, WHOLEBODY, LSPINE, HEAD, TSPINE, CHEST, BRAIN, SKULL, FEMUR","MR, CT, PT, XA, DX, CR","GE MEDICAL SYSTEMS, TOSHIBA, SIEMENS, Philips, Hitachi, Ltd., Siemens, Philips Medical Systems, Change Healthcare Canada Company, Siemens Healthineers, NMS, FUJIFILM Corporation, Philips Healthcare, GE Healthcare, CARESTREAM HEALTH",2024-08-04 00:00:00,2024-12-17 00:00:00,"2024-08-04, 2024-08-28, 2024-12-17"
CMB-PCA,https://doi.org/10.7937/25t7-6y12,"TCIA Limited Access License, Creative Commons Attribution 4.0 International License",10,47,294,27501,13730821278,13.73 GB,"HEAD, Not Specified, CHESTABDPELVIS, BRAIN, LSPINE, WHOLEBODY, CHEST, ABDOMEN, ABDOMENPELVIS, CHESTABDOMEN, TLSPINE","MR, CT, RF, PT, NM, DX","TOSHIBA, GE MEDICAL SYSTEMS, SIEMENS, GEMS, ""GE Healthcare"", Canon Medical Systems, Siemens, SIEMENS NM",2024-08-04 00:00:00,2024-12-17 00:00:00,"2024-08-04, 2024-08-28, 2024-12-17"
CMMD,https://doi.org/10.7937/tcia.eqde-4b16,Creative Commons Attribution 4.0 International License,1775,1775,1775,5202,22861926932,22.86 GB,BREAST,MG,Not Specified,2021-04-06 00:00:00,2021-04-06 00:00:00,2021-04-06
COVID-19-AR,https://doi.org/10.7937/tcia.2020.py71-5978,Creative Commons Attribution 4.0 International License,105,256,461,31935,19927664950,19.93 GB,"ABDOMENPELVIS, Not Specified, CHEST, CHESTABDPELVIS, CHESTABDOMEN, BLADDER, KIDNEY, ABDOMEN, PELVIS, THORAX","CT, CR, DX","Philips, FUJIFILM Corporation, Philips Medical Systems, KONICA MINOLTA, TOSHIBA",2020-07-13 00:00:00,2020-07-13 00:00:00,2020-07-13
COVID-19-NY-SBU,https://doi.org/10.7937/tcia.bbag-2923,Creative Commons Attribution 4.0 International License,1384,7361,17950,562376,511477801000,511.48 GB,"Not Specified, ABDOMEN, ABDOMENPELVIS, CHEST, CHESTABDPELVIS, KIDNEY","CT, MR, DX, CR, NM, SR, PT, OT","GE MEDICAL SYSTEMS, SIEMENS, TOSHIBA, Carestream, CARESTREAM HEALTH, SIEMENS NM, GE Medical Systems",2021-08-11 00:00:00,2021-08-11 00:00:00,2021-08-11
CPTAC-CCRCC,"https://doi.org/10.7937/k9/tcia.2018.oblamn27, https://doi.org/10.7937/skq4-qx48, https://doi.org/https://doi.org/10.7937/k9/tcia.2018.oblamn27","Creative Commons Attribution 3.0 Unported License, Creative Commons Attribution 4.0 International License",70,92,1451,105039,58679809916,58.68 GB,"ABDOMEN, CHEST, Not Specified, CHESTABDPELVIS, LIVER, ABDOMENPELVIS, NECKCHESTABDPELV, HEADNECK, PELVIS, BONE, KIDNEY","CT, MR, CR, RTSTRUCT","SIEMENS, TOSHIBA, GE MEDICAL SYSTEMS, Philips, Philips Medical Systems, Vital Images, Inc., Open Health Imaging Foundation",2017-12-20 01:01:11,2024-05-10 00:00:00,"2017-12-20, 2018-04-18, 2018-04-20, 2018-06-21, 2019-03-23, 2019-06-21, 2019-06-27, 2019-06-28, 2019-06-30, 2019-09-10, 2019-09-23, 2023-07-24, 2023-08-18, 2024-05-10"
CPTAC-CM,https://doi.org/10.7937/k9/tcia.2018.odu24gze,Creative Commons Attribution 3.0 Unported License,13,19,186,32091,14864691144,14.86 GB,"Not Specified, BRAIN, ABDOMEN, CHESTABDPELVIS, WHOLEBODY, CHEST, PELVIS, CHESTABDOMEN","MR, CT, PT","GE MEDICAL SYSTEMS, Philips Medical Systems, Philips, TOSHIBA, Not Specified",2017-12-20 16:31:02,2020-06-15 10:27:23,"2017-12-20, 2018-06-21, 2019-06-28, 2019-12-09, 2020-03-09, 2020-03-17, 2020-06-15"
CPTAC-GBM,https://doi.org/10.7937/k9/tcia.2018.3rje41q1,TCIA Limited Access License,70,154,1835,162934,41099531068,41.10 GB,"ABDOMEN, CHEST, Not Specified, BRAIN, CAROTID, HEAD, SELLA","MR, CT","SIEMENS, GE MEDICAL SYSTEMS, Imaging Biometrics LLC, Philips Medical Systems, Not Specified, TOSHIBA_MEC, Philips",2017-12-20 01:39:10,2024-07-08 00:00:00,"2017-12-20, 2018-04-18, 2018-04-20, 2018-06-21, 2018-10-10, 2018-10-12, 2018-10-15, 2018-10-17, 2018-10-18, 2018-12-12, 2019-03-26, 2019-06-12, 2019-06-21, 2019-06-27, 2019-09-10, 2019-12-11, 2020-03-16, 2024-07-08"
CPTAC-HNSCC,"https://doi.org/10.7937/k9/tcia.2018.uw45nh81, https://doi.org/10.7937/pfec-t641, Not Specified",TCIA Limited Access License,156,466,3842,460812,246107021282,246.11 GB,"Not Specified, NECK, HEAD, HEADNECK, ABDOMEN, CHEST, CHESTABDPELVIS, Head-Neck, HEADNECKCHEST, WHOLEBODY, CHESTABDOMEN, SPINE, NECKCHEST, NECKCHESTABDPELV, NECKCHESTABDOMEN, BODY, ABDOMENPELVIS, LUNG","CT, MR, PT, RTSTRUCT","GE MEDICAL SYSTEMS, Not Specified, SIEMENS, Philips, TOSHIBA, TOSHIBA_MEC, Siemens Healthineers, SIEMENS / MIM Software, Philips Medical Systems, GE MEDICAL SYSTEMS / MIM Software, Hitachi Medical Corporation, Open Health Imaging Foundation, FUJIFILM Healthcare Corporation",2018-04-18 08:43:57,2025-02-26 00:00:00,"2018-04-18, 2018-04-20, 2018-10-10, 2019-03-23, 2019-06-26, 2019-06-28, 2019-09-19, 2019-09-20, 2019-12-10, 2019-12-11, 2019-12-18, 2020-03-23, 2020-06-10, 2023-02-16, 2023-07-24, 2023-08-18, 2023-10-05, 2024-01-11, 2024-04-05, 2024-11-18, 2025-02-03, 2025-02-26"
CPTAC-LSCC,https://doi.org/10.7937/k9/tcia.2018.6emub5l2,"Creative Commons Attribution 3.0 Unported License, TCIA Limited Access License",36,43,238,52019,30593092702,30.59 GB,"CHEST, Not Specified, CHESTABDPELVIS, CHESTABDOMEN, HEAD","CT, PT","SIEMENS, GE MEDICAL SYSTEMS, TOSHIBA, Hitachi Medical Corporation, Not Specified, Philips",2018-04-25 08:40:05,2024-04-05 00:00:00,"2018-04-25, 2018-06-21, 2019-03-23, 2019-03-26, 2019-06-26, 2019-06-28, 2019-09-20, 2019-12-09, 2020-03-10, 2020-06-09, 2020-06-17, 2020-10-27, 2024-04-05"
CPTAC-LUAD,https://doi.org/10.7937/k9/tcia.2018.pat12tbs,Creative Commons Attribution 3.0 Unported License,25,38,242,43333,28211624378,28.21 GB,"CHEST, Not Specified, LSSPINE, ABDOMEN","CT, MR, PT","SIEMENS, Siemens, GE MEDICAL SYSTEMS, Philips Medical Systems, Philips, Not Specified, Hitachi Medical Corporation",2017-12-20 01:27:37,2020-03-10 14:56:55,"2017-12-20, 2018-04-18, 2018-04-20, 2018-04-25, 2018-06-21, 2019-03-23, 2019-06-26, 2019-06-28, 2019-09-20, 2019-09-23, 2019-12-09, 2019-12-17, 2020-03-10"
CPTAC-PDA,"https://doi.org/10.7937/k9/tcia.2018.sc20fo18, https://doi.org/10.7937/bw9v-bx61","Creative Commons Attribution 3.0 Unported License, Creative Commons Attribution 4.0 International License",110,134,1667,133386,67251096634,67.25 GB,"ABDOMEN, CHEST, PANCREAS, Not Specified, CHESTABDPELVIS, PELVIS, ABDOMENPELVIS, CHESTABDOMEN, NECKCHESTABDPELV","MR, CT, PT, US, RTSTRUCT","SIEMENS, Siemens, GE MEDICAL SYSTEMS, TOSHIBA, Philips, Not Specified, GE Healthcare, Open Health Imaging Foundation, Philips Medical Systems",2017-12-20 01:24:43,2025-02-26 00:00:00,"2017-12-20, 2018-04-18, 2018-04-20, 2018-06-21, 2018-07-06, 2019-03-26, 2019-06-18, 2019-06-21, 2019-09-10, 2019-09-19, 2019-09-20, 2019-09-23, 2019-09-25, 2019-12-10, 2020-03-10, 2020-03-17, 2020-09-18, 2020-09-28, 2021-01-14, 2023-02-16, 2023-07-24, 2023-08-18, 2025-02-26"
CPTAC-SAR,https://doi.org/10.7937/tcia.2019.9bt23r95,Creative Commons Attribution 3.0 Unported License,24,33,265,29595,15196915718,15.20 GB,"Not Specified, Pelvis, ABDOMEN, EXTREMITY, CHEST, WHOLEBODY","CT, MR, PT","Philips, SIEMENS, WDM, GE MEDICAL SYSTEMS, Not Specified",2019-03-26 23:00:01,2020-03-18 14:20:07,"2019-03-26, 2019-06-21, 2019-06-28, 2019-09-10, 2019-09-19, 2019-12-10, 2020-03-18"
CPTAC-UCEC,"https://doi.org/10.7937/k9/tcia.2018.3r3juisw, https://doi.org/10.7937/89m3-kq43","Creative Commons Attribution 3.0 Unported License, Creative Commons Attribution 4.0 International License",90,146,2576,187643,80279413094,80.28 GB,"CHEST, ABDOMEN, Not Specified, PELVIS, CHESTABDPELVIS, CHESTABDOMEN, ABDOMENPELVIS, NECKCHESTABDPELV, HEADNECK, NECKCHESTABDOMEN","CT, MR, PT, RTSTRUCT, US","SIEMENS, GE MEDICAL SYSTEMS, Not Specified, TOSHIBA, Open Health Imaging Foundation, ACUSON",2017-12-20 00:59:10,2024-04-05 00:00:00,"2017-12-20, 2018-04-18, 2018-06-21, 2018-10-10, 2018-10-12, 2019-06-26, 2019-06-28, 2019-09-19, 2019-09-20, 2019-09-25, 2020-03-25, 2020-05-14, 2023-07-24, 2023-08-18, 2024-04-05"
CT COLONOGRAPHY,https://doi.org/10.7937/k9/tcia.2015.nwtesay1,Creative Commons Attribution 3.0 Unported License,825,836,3451,941771,496672157794,496.67 GB,COLON,CT,"SIEMENS, GE MEDICAL SYSTEMS, Philips, Not Specified, TOSHIBA",2013-11-15 00:00:00,2013-11-15 00:00:00,2013-11-15
CT Lymph Nodes,https://doi.org/10.7937/k9/tcia.2015.aqiidcnm,Creative Commons Attribution 3.0 Unported License,176,176,352,110179,58415125292,58.42 GB,"ABDOMEN, MEDIASTINUM","CT, SEG","Not Specified, QIICR",2015-03-09 15:25:38,2023-03-31 00:00:00,"2015-03-09, 2015-03-10, 2015-03-11, 2015-03-12, 2015-08-05, 2023-03-31"
CT-Phantom4Radiomics,https://doi.org/10.7937/a1v1-rc66,Creative Commons Attribution 4.0 International License,1,238,476,78452,42488766208,42.49 GB,CHEST,"CT, SEG","SIEMENS, pydicom-seg",2023-08-23 00:00:00,2023-08-23 00:00:00,2023-08-23
CT-vs-PET-Ventilation-Imaging,https://doi.org/10.7937/3ppx-7s22,Creative Commons Attribution 4.0 International License,20,22,119,29491,14929301308,14.93 GB,"CHEST, ABDOMEN, Not Specified","CT, PT, RWV","SIEMENS, https://github.com/QIICR/Slicer-SUVFactorCalculator",2022-08-25 00:00:00,2022-08-25 00:00:00,2022-08-25
CTpred-Sunitinib-panNET,https://doi.org/10.7937/spgk-0p94,Creative Commons Attribution 4.0 International License,38,76,76,22474,11849984556,11.85 GB,"ABDOMEN, Not Specified, CHEST",CT,"TOSHIBA, Unknown manufacturer, SIEMENS, Philips, GE MEDICAL SYSTEMS",2022-09-12 00:00:00,2022-09-12 00:00:00,2022-09-12
Colorectal-Liver-Metastases,https://doi.org/10.7937/qxk2-qg03,Creative Commons Attribution 4.0 International License,197,197,394,17836,10909446968,10.91 GB,"Not Specified, ABDOMEN","CT, SEG","GE MEDICAL SYSTEMS, SIEMENS, QIICR, Philips Medical Systems",2023-03-01 00:00:00,2023-03-01 00:00:00,2023-03-01
DRO-Toolkit,https://doi.org/10.7937/t062-8262,Creative Commons Attribution 3.0 Unported License,32,32,64,9632,5379780512,5.38 GB,Not Specified,"CT, SEG",Stanford University,2020-04-09 00:00:00,2020-04-09 00:00:00,2020-04-09
Duke-Breast-Cancer-MRI,https://doi.org/10.7937/tcia.e3sv-re93,Creative Commons Attribution-NonCommercial 4.0 International License,922,922,5161,773253,368414540332,368.41 GB,BREAST,"MR, SEG","SIEMENS, GE MEDICAL SYSTEMS, QIICR",2020-08-20 10:32:01,2022-06-13 00:00:00,"2020-08-20, 2020-08-21, 2020-08-25, 2022-06-13"
EA1141,https://doi.org/10.7937/2bas-hr33,Creative Commons Attribution 4.0 International License,500,1976,14340,855193,2819971156324,2.82 TB,"BREAST, Not Specified, CHEST, EXTREMITY","MR, MG, CT","Philips Medical Systems, SIEMENS, GE MEDICAL SYSTEMS, HOLOGIC, Inc., Merge Healthcare, GE HEALTHCARE, Not Specified, Lorad, A Hologic Company",2023-10-02 00:00:00,2023-10-02 00:00:00,2023-10-02
ExACT,https://doi.org/10.7937/2023.na2x-j031,TCIA Embargo Attribution License,30,30,179,6400,1635948344,1.64 GB,ANUS,MR,"SIEMENS, GE MEDICAL SYSTEMS, Philips Healthcare, Philips Medical Systems",2023-03-30 00:00:00,2023-03-30 00:00:00,2023-03-30
Exceptional-Responders,Not Specified,Creative Commons Attribution 3.0 Unported License,76,315,1963,268512,129189410170,129.19 GB,"Not Specified, ABDOMEN, CHEST, NECK, SKULL, PET, BRAIN, HEAD, CHESTABDPELVIS, CHESTABDOMEN, null, BREAST, PELVIS","CT, MR, PT, OT, CR, XA, MG","GE MEDICAL SYSTEMS, SIEMENS, Philips, TOSHIBA, CPS, Philips Medical Systems, Imbio, Not Specified, MPTronic software, SIEMENS NM, Siemens, HOLOGIC, Inc.",2016-03-14 18:09:15,2020-05-11 08:56:48,"2016-03-14, 2016-05-10, 2016-07-07, 2016-08-03, 2016-10-06, 2017-05-15, 2017-07-31, 2017-12-14, 2017-12-20, 2018-02-26, 2018-05-22, 2018-05-23, 2018-08-01, 2018-11-20, 2018-11-27, 2019-07-30, 2019-10-23, 2019-10-31, 2019-11-14, 2020-01-21, 2020-05-11"
FDG-PET-CT-Lesions,https://doi.org/10.7937/gkr0-xv29,TCIA Limited Access License,900,1014,3042,916957,418852940740,418.85 GB,"ABDOMEN, WHOLEBODY, Not Specified","CT, PT, SEG","SIEMENS, QIICR",2022-06-02 00:00:00,2022-06-02 00:00:00,2022-06-02
GBM-DSC-MRI-DRO,https://doi.org/10.7937/tcia.2020.rmwvzwix,Creative Commons Attribution 4.0 International License,3,31,364,47164,4456095136,4.46 GB,PHANTOM,MR,"BNI Translational BioImaging, Imaging Biometrics LLC",2022-07-21 00:00:00,2022-07-21 00:00:00,2022-07-21
GLIS-RT,https://doi.org/10.7937/tcia.t905-zq20,TCIA Limited Access License,230,468,1915,78311,28255835654,28.26 GB,HEAD,"CT, MR, REG, RTSTRUCT","GE MEDICAL SYSTEMS, SIEMENS, MIM Software Inc., Philips Medical Systems, Plastimatch, Philips Healthcare, Hitachi Medical Corporation",2021-12-20 00:00:00,2021-12-20 00:00:00,2021-12-20
GammaKnife-Hippocampal,https://doi.org/10.7937/q967-x166,TCIA Limited Access License,390,1509,8307,565921,312061189496,312.06 GB,"HEAD, Not Specified, BRAIN, ORBIT, CIRCLEOFWILLIS, IAC, NECK","MR, CT, RTPLAN, RTDOSE, RTSTRUCT, REG","SIEMENS, GE MEDICAL SYSTEMS, SIEMENS / MIM Software, Elekta, MIM Software Inc., Philips Medical Systems, GE MEDICAL SYSTEMS / MIM Software, Not Specified",2022-07-22 00:00:00,2022-07-22 00:00:00,2022-07-22
HCC-TACE-Seg,https://doi.org/10.7937/tcia.5fna-0924,Creative Commons Attribution 4.0 International License,105,211,677,51968,28570849894,28.57 GB,LIVER,"CT, SEG","Not Specified, GE MEDICAL SYSTEMS, QIICR",2022-08-17 00:00:00,2022-08-17 00:00:00,2022-08-17
HEAD-NECK-RADIOMICS-HN1,https://doi.org/10.7937/tcia.2019.8kap372n,TCIA No Commercial Limited Access License,137,137,486,28918,11792587332,11.79 GB,"Not Specified, HEADNECK","CT, SEG, RTSTRUCT, PT","SIEMENS, QIICR, Varian Medical Systems, CMS, Inc., Philips, Philips Medical Systems",2019-09-13 09:38:25,2019-09-13 10:25:02,2019-09-13
HNC-IMRT-70-33,https://doi.org/10.7937/ahqh-xc79,TCIA Limited Access License,211,211,844,38032,23274139836,23.27 GB,Not Specified,"CT, RTPLAN, RTSTRUCT, RTDOSE","GE MEDICAL SYSTEMS, Philips, ADAC, PyMedPhys Pinnacle Export",2024-05-06 00:00:00,2024-05-06 00:00:00,2024-05-06
HNSCC,https://doi.org/10.7937/k9/tcia.2020.a8sh-7363,TCIA Limited Access License,627,1177,4036,537939,154905775288,154.91 GB,HEADNECK,"CT, RTPLAN, RTSTRUCT, RTDOSE, PT, MR","GE MEDICAL SYSTEMS, ADAC, Philips, Philips Medical Systems, SIEMENS, GE MEDICAL SYSTEMS / MIMvista, CPS, SIEMENS NM, 001, 001                w/.419501, Velocity Medical Solutions LLC, TOSHIBA, 002, 003                 .419501, 003, 004, 004     313619.2.55.3.419501, 002     es scanned.ration, 005, 005                         9",2016-12-28 15:14:26,2020-02-24 17:57:42,"2016-12-28, 2016-12-29, 2017-06-06, 2017-06-07, 2017-06-13, 2017-08-22, 2017-08-23, 2020-02-24"
HNSCC-3DCT-RT,https://doi.org/10.7937/k9/tcia.2018.13upr2xf,TCIA Limited Access License,31,93,371,18905,14349865740,14.35 GB,"CHEST, Not Specified","CT, RTSTRUCT, RTDOSE","SIEMENS, MIM Software Inc., Varian Medical Systems",2018-08-30 00:00:00,2018-08-30 00:00:00,2018-08-30
Head-Neck Cetuximab,https://doi.org/10.7937/k9/tcia.2015.7akgjupz,TCIA Limited Access License,111,368,1682,202574,52364802896,52.36 GB,HEADNECK,"PT, CT, RTDOSE, RTPLAN, RTSTRUCT","CPS, SIEMENS, Not Specified, Posda RTOG Converter, GE MEDICAL SYSTEMS, GEMS, Multiple, Philips, Philips Medical Systems, Philips Medical Systems / MIMvista, Philips / MIMvista, SIEMENS / MIMvista",2013-11-14 00:00:00,2013-11-14 00:00:00,2013-11-14
Head-Neck-PET-CT,https://doi.org/10.7937/k9/tcia.2017.8oje5q00,TCIA Limited Access License,298,504,2661,123271,72463611160,72.46 GB,Not Specified,"REG, RTSTRUCT, CT, RTDOSE, RTPLAN, PT","MIM Software Inc., ADAC, Philips, Philips Medical Systems, TomoTherapy Incorporated, GE MEDICAL SYSTEMS, MIM Software, Varian Medical Systems, VARIAN Medical Systems, Not Specified",2017-11-30 00:00:00,2018-06-07 00:00:00,"2017-11-30, 2018-06-07"
Healthy-Total-Body-CTs,https://doi.org/10.7937/nc7z-4f76,TCIA Limited Access License,30,30,135,111778,58950088912,58.95 GB,WHOLEBODY,CT,UIH,2024-09-27 00:00:00,2024-09-27 00:00:00,2024-09-27
ICDC-Glioma,https://doi.org/10.7937/tcia.svqt-q016,Creative Commons Attribution 4.0 International License,57,58,650,17797,5102029700,5.10 GB,HEAD,MR,"SIEMENS, GE MEDICAL SYSTEMS, PICKER International, Inc., Philips Medical Systems, Inc.",2021-01-12 00:00:00,2021-01-12 00:00:00,2021-01-12
ISPY1,"https://doi.org/10.7937/k9/tcia.2016.hdhpgjlk, https://doi.org/10.7937/tcia.2019.wgllssg1",Creative Commons Attribution 3.0 Unported License,222,847,9877,388525,78366206044,78.37 GB,"BREAST, Not Specified","MR, SEG, SR","GE MEDICAL SYSTEMS, Siemens, SIEMENS, Philips Medical Systems, Confirma Inc., PixelMed",2015-07-02 16:07:59,2020-05-26 11:44:34,"2015-07-02, 2015-07-03, 2015-07-04, 2016-08-23, 2020-05-26"
ISPY2,https://doi.org/10.7937/tcia.d8z0-9t85,Creative Commons Attribution 4.0 International License,719,2688,32411,5586493,1746234347862,1.75 TB,"Not Specified, BREAST, TSPINE","MR, SEG","SIEMENS, Philips Medical Systems, GE MEDICAL SYSTEMS, 0000000, Philips Healthcare",2022-05-02 00:00:00,2022-05-02 00:00:00,2022-05-02
IvyGAP,https://doi.org/10.7937/k9/tcia.2016.xlwan6nl,TCIA Limited Access License,39,390,5223,846743,139983452508,139.98 GB,"Not Specified, HEAD, BRAIN",MR,"GE MEDICAL SYSTEMS, SIEMENS, Philips Medical Systems",2016-12-30 00:00:00,2016-12-30 00:00:00,2016-12-30
LCTSC,https://doi.org/10.7937/k9/tcia.2017.3r3fvz08,Creative Commons Attribution 3.0 Unported License,60,60,120,9593,5154966312,5.15 GB,LUNG,"RTSTRUCT, CT","MIM Software Inc., Not Specified, SIEMENS, GE MEDICAL SYSTEMS, Varian Medical Systems, Plastimatch",2017-05-17 10:16:28,2020-02-13 16:23:10,"2017-05-17, 2017-05-24, 2017-06-21, 2020-02-13"
LDCT-and-Projection-data,https://doi.org/10.7937/9npb-2637,TCIA Limited Access License,299,597,1045,13013532,1325494091506,1.33 TB,"CHEST, ABDOMEN, HEAD",CT,"SIEMENS, Siemens Healthcare, GE, GE MEDICAL SYSTEMS",2019-02-04 11:48:20,2022-03-11 09:33:05,"2019-02-04, 2019-02-05, 2019-02-06, 2019-02-07, 2019-03-12, 2019-03-13, 2019-03-14, 2019-03-15, 2019-03-16, 2019-03-17, 2019-03-21, 2019-03-22, 2019-03-23, 2019-03-25, 2019-03-29, 2019-03-30, 2019-04-01, 2019-04-02, 2019-04-05, 2019-04-06, 2019-04-11, 2019-04-20, 2019-04-22, 2019-04-27, 2019-04-29, 2019-05-07, 2019-05-12, 2019-05-13, 2019-05-18, 2019-05-25, 2019-05-26, 2019-05-27, 2019-05-28, 2019-06-07, 2019-06-11, 2019-06-18, 2019-07-04, 2019-07-08, 2019-07-09, 2019-07-12, 2019-07-15, 2019-07-18, 2019-07-19, 2019-07-24, 2019-07-25, 2019-07-26, 2019-07-28, 2019-07-29, 2019-07-30, 2019-08-03, 2019-08-06, 2019-08-09, 2019-08-12, 2019-08-19, 2019-08-21, 2020-01-18, 2020-01-19, 2020-01-20, 2020-01-21, 2020-04-22, 2022-01-07, 2022-01-08, 2022-01-12, 2022-01-19, 2022-01-20, 2022-03-03, 2022-03-04, 2022-03-06, 2022-03-07, 2022-03-08, 2022-03-09, 2022-03-11"
LGG-1p19qDeletion,https://doi.org/10.7937/k9/tcia.2017.dwehtz9v,TCIA Limited Access License,159,160,478,17519,2728739374,2.73 GB,BRAIN,"MR, SEG","GE MEDICAL SYSTEMS, SIEMENS, QIICR",2017-09-30 00:00:00,2020-06-26 00:00:00,"2017-09-30, 2020-06-26"
LIDC-IDRI,"https://doi.org/10.7937/k9/tcia.2015.lo9ql9sx, http://doi.org/10.7937/k9/tcia.2015.1buvfjr7, https://doi.org/10.7937/tcia.2018.h7umfurq",Creative Commons Attribution 3.0 Unported License,1010,1308,15116,258335,136547857534,136.55 GB,"CHEST, Not Specified","DX, CT, CR, SEG, SR","GE MEDICAL SYSTEMS, Philips Medical Systems, FUJI PHOTO FILM Co., ltd., KODAK, SIEMENS, ""GE Healthcare"", TOSHIBA, Philips, DeJarnette Research Systems, 3D Slicer Community, QIICR",2015-07-28 18:31:15,2020-03-06 12:55:26,"2015-07-28, 2015-07-29, 2020-02-21, 2020-03-06"
Lung Phantom,"https://doi.org/10.7937/k9/tcia.2015.08a1ixoo, http://doi.org/10.7937/k9/tcia.2015.1buvfjr7",Creative Commons Attribution 3.0 Unported License,1,1,109,345,982486600,982.49 MB,Not Specified,"CT, SEG","GE MEDICAL SYSTEMS, 3D Slicer Community",2014-06-19 14:47:24,2015-09-09 15:14:26,"2014-06-19, 2015-03-30, 2015-09-09"
Lung-Fused-CT-Pathology,https://doi.org/10.7937/k9/tcia.2018.smt36lpn,Creative Commons Attribution 3.0 Unported License,6,36,52,11210,5905996684,5.91 GB,"CHEST, ABDOMEN, FUSION, SEG","CT, FUSION, SEG","Not Specified, https://github.com/mirabelarusu/RadPathFusionLung",2018-09-11 11:05:38,2018-09-11 11:37:28,2018-09-11
Lung-PET-CT-Dx,https://doi.org/10.7937/tcia.2020.nnc2-0461,Creative Commons Attribution 4.0 International License,355,436,1295,251135,127184934396,127.18 GB,"Not Specified, CHEST, ABDOMEN, Thorax","CT, PT","Philips, SIEMENS, GE MEDICAL SYSTEMS",2020-04-22 13:38:57,2020-07-15 09:36:56,"2020-04-22, 2020-04-23, 2020-07-15"
LungCT-Diagnosis,https://doi.org/10.7937/k9/tcia.2015.a6v7jiwx,Creative Commons Attribution 3.0 Unported License,61,61,61,4682,2469159104,2.47 GB,LUNG,CT,"TOSHIBA, GE MEDICAL SYSTEMS, SIEMENS",2014-12-30 00:00:00,2014-12-30 00:00:00,2014-12-30
MIDRC-RICORD-1A,https://doi.org/10.7937/vtw4-x588,Creative Commons Attribution-NonCommercial 4.0 International License,110,120,229,31856,11675021334,11.68 GB,"Not Specified, CHEST, ABDOMEN",CT,"Not Specified, Philips",2020-12-18 00:00:00,2020-12-18 00:00:00,2020-12-18
MIDRC-RICORD-1B,https://doi.org/10.7937/31v8-4a40,Creative Commons Attribution-NonCommercial 4.0 International License,117,120,120,21220,8668672674,8.67 GB,"Not Specified, CHEST",CT,"Not Specified, Philips",2021-02-05 00:00:00,2021-02-05 00:00:00,2021-02-05
MIDRC-RICORD-1C,https://doi.org/10.7937/91ah-v663,Creative Commons Attribution-NonCommercial 4.0 International License,361,998,1241,1257,12265162106,12.27 GB,"CHEST, ABDOMEN, BREAST","DX, CR","Not Specified, Agfa",2021-01-15 00:00:00,2021-01-15 00:00:00,2021-01-15
MRI-DIR,https://doi.org/10.7937/k9/tcia.2018.3f08iejt,Creative Commons Attribution 4.0 International License,9,25,61,3596,1435949028,1.44 GB,Not Specified,"MR, RTSTRUCT, CT","GE MEDICAL SYSTEMS, Velocity Medical Solutions LLC",2018-06-30 00:00:00,2018-06-30 00:00:00,2018-06-30
Mediastinal-Lymph-Node-SEG,https://doi.org/10.7937/qvaz-ja09,Creative Commons Attribution 4.0 International License,513,513,1026,66870,35274643894,35.27 GB,"CHEST, ABDOMEN, CHESTABDPELVIS, NECK, NECKCHESTABDPELV, CHESTABDOMEN","CT, SEG","TOSHIBA, GE MEDICAL SYSTEMS, SIEMENS, QIICR, Philips, NMS, MGH 3D RAD CAD X Lab",2024-08-28 00:00:00,2024-08-28 00:00:00,2024-08-28
Meningioma-SEG-CLASS,https://doi.org/10.7937/0tkv-1a36,TCIA Limited Access License,96,180,674,47520,9387524704,9.39 GB,"Not Specified, BRAIN, HEAD, ABDOMEN, IAC, ORBIT","MR, RTSTRUCT","Varian Medical Systems, GE MEDICAL SYSTEMS, TOSHIBA, SIEMENS, Philips Medical Systems, Hitachi Medical Corporation, TOSHIBA_MEC",2023-02-13 00:00:00,2023-02-13 00:00:00,2023-02-13
Mouse-Astrocytoma,https://doi.org/10.7937/k9tcia.2017.sgw7caqw,Creative Commons Attribution 3.0 Unported License,48,48,286,37110,2199804828,2.20 GB,SKULL,MR,Philips Medical Systems,2017-03-21 00:00:00,2017-03-21 00:00:00,2017-03-21
Mouse-Mammary,https://doi.org/10.7937/k9/tcia.2015.9p42kse6,Creative Commons Attribution 3.0 Unported License,32,149,205,23487,8580178318,8.58 GB,ABDOMEN,MR,Philips Medical Systems,2015-03-18 00:00:00,2015-03-18 00:00:00,2015-03-18
N3C-COLLECTION-0001,Not Specified,Creative Commons Attribution 4.0 International License,105,256,461,31935,19947666020,19.95 GB,"Not Specified, THORAX, CHESTABDPELVIS, CHESTABDOMEN, CHEST, KIDNEY, ABDOMENPELVIS, ABDOMEN, BLADDER, PELVIS","CT, DX, CR","Philips, TOSHIBA, Philips Medical Systems, FUJIFILM Corporation, KONICA MINOLTA",2021-06-11 23:41:02,2021-06-12 00:36:33,"2021-06-11, 2021-06-12"
NRG-1308,https://doi.org/10.7937/k9/tcia.2016.6fc8z46u,Creative Commons Attribution 3.0 Unported License,12,12,85,1983,1676465652,1.68 GB,LUNG,"CT, RTDOSE, RTPLAN, RTSTRUCT","Philips, Varian Medical Systems",2015-08-07 14:08:01,2015-08-07 14:17:36,2015-08-07
NSCLC Radiogenomics,https://doi.org/10.7937/k9/tcia.2017.7hs46erv,Creative Commons Attribution 3.0 Unported License,211,395,1351,286754,97996211268,98.00 GB,"Not Specified, CHEST, THORAX, ABDOMEN, HEART","CT, PT, SEG","GE MEDICAL SYSTEMS, 3D Slicer Community, SIEMENS, Philips, Philips Medical Systems, TOSHIBA, Siemens Molecular Imaging, Not Specified, Stanford University",2017-11-21 10:18:42,2021-06-01 10:28:41,"2017-11-21, 2017-11-27, 2017-12-12, 2018-07-16, 2019-02-13, 2019-07-30, 2019-09-25, 2020-11-10, 2021-01-13, 2021-06-01"
NSCLC-Cetuximab, https://doi.org/10.7937/tcia.2018.jze75u7v,NCTN Data Archive License,490,490,2116,75063,42654420774,42.65 GB,Not Specified,"RTPLAN, CT, RTSTRUCT, RTDOSE","Posda RTOG Converter, Not Specified",2019-03-25 13:41:30,2019-04-15 17:20:38,"2019-03-25, 2019-04-15"
NSCLC-Radiomics,https://doi.org/10.7937/k9/tcia.2015.pf0m9rei,Creative Commons Attribution-NonCommercial 3.0 Unported License,422,422,1265,52073,35775589886,35.78 GB,"LUNG, Not Specified","CT, SEG, RTSTRUCT","SIEMENS, CMS, Inc., Plastimatch, QIICR, Varian Medical Systems",2020-08-20 18:38:17,2020-10-11 20:02:40,"2020-08-20, 2020-10-07, 2020-10-08, 2020-10-11"
NSCLC-Radiomics-Genomics,https://doi.org/10.7937/k9/tcia.2015.l4fret6z,Creative Commons Attribution-NonCommercial 3.0 Unported License,89,89,89,13482,7098625754,7.10 GB,LUNG,CT,"Philips, SIEMENS, GE MEDICAL SYSTEMS",2014-07-02 00:00:00,2014-07-02 00:00:00,2014-07-02
NSCLC-Radiomics-Interobserver1,https://doi.org/10.7937/tcia.2019.cwvlpd26,Creative Commons Attribution-NonCommercial 3.0 Unported License,22,22,64,3886,3219629166,3.22 GB,"Not Specified, LUNG","RTSTRUCT, CT, SEG","Varian Medical Systems, SIEMENS, QIICR",2019-03-19 12:12:43,2020-08-18 11:01:23,"2019-03-19, 2019-10-11, 2020-08-18"
NaF PROSTATE,https://doi.org/10.7937/k9/tcia.2015.isoqthko,Creative Commons Attribution 3.0 Unported License,9,44,214,64535,13254285564,13.25 GB,PROSTATE,"PT, CT","Philips Medical Systems, Philips",2020-05-07 09:16:10,2020-05-07 10:47:15,2020-05-07
PDMR-292921-168-R,https://doi.org/10.7937/tcia.2020.pcak-8z10,Creative Commons Attribution 4.0 International License,20,89,160,2657,1624791010,1.62 GB,"ABDOMEN, Not Specified","MR, SR","Philips Medical Systems, PixelMed",2020-03-03 00:00:00,2020-03-03 00:00:00,2020-03-03
PDMR-425362-245-T,https://doi.org/10.7937/tcia.2020.7yrs-7j97,Creative Commons Attribution 4.0 International License,20,115,210,3509,2345401686,2.35 GB,"Not Specified, ABDOMEN","SR, MR","PixelMed, Philips Medical Systems",2020-05-22 00:00:00,2020-05-22 00:00:00,2020-05-22
PDMR-521955-158-R4,https://doi.org/10.7937/q37d-vh79,Creative Commons Attribution 4.0 International License,20,142,264,4608,2824990968,2.82 GB,"Not Specified, ABDOMEN","SR, MR","PixelMed, Philips Medical Systems",2022-08-17 00:00:00,2022-08-17 00:00:00,2022-08-17
PDMR-833975-119-R,https://doi.org/10.7937/tcia.0eck-c338,Creative Commons Attribution 3.0 Unported License,20,100,180,2980,1822027996,1.82 GB,"ABDOMEN, Not Specified","MR, SR","Philips Medical Systems, PixelMed",2020-10-05 00:00:00,2020-10-05 00:00:00,2020-10-05
PDMR-997537-175-T,https://doi.org/10.7937/tcia.2020.bry9-4n29,Creative Commons Attribution 4.0 International License,24,76,128,1966,1177629040,1.18 GB,"Not Specified, ABDOMEN","SR, MR","PixelMed, Philips Medical Systems",2020-05-22 00:00:00,2020-05-22 00:00:00,2020-05-22
PDMR-BL0293-F563,https://doi.org/10.7937/tcia.2019.b6u7wmqw,Creative Commons Attribution 3.0 Unported License,19,66,131,2222,3249784764,3.25 GB,"Not Specified, ABDOMEN",MR,Philips Medical Systems,2019-08-28 00:00:00,2019-08-28 00:00:00,2019-08-28
PDMR-Texture-Analysis,https://doi.org/10.7937/3kq0-yk19,Creative Commons Attribution 4.0 International License,175,689,1203,19343,11780627198,11.78 GB,"ABDOMEN, Not Specified","MR, SR","Philips Medical Systems, PixelMed",2023-06-14 00:00:00,2023-06-14 00:00:00,2023-06-14
PROSTATE-DIAGNOSIS,https://doi.org/10.7937/k9/tcia.2015.foqeujvt,Creative Commons Attribution 3.0 Unported License,92,92,368,32537,5979464460,5.98 GB,PROSTATE,MR,Philips Medical Systems,2013-01-30 00:00:00,2013-01-30 00:00:00,2013-01-30
PROSTATE-MRI,https://doi.org/10.7937/k9/tcia.2016.6046gudv,Creative Commons Attribution 3.0 Unported License,26,26,182,22036,3404944422,3.40 GB,PROSTATE,MR,Philips Medical Systems,2011-06-30 00:00:00,2011-06-30 00:00:00,2011-06-30
PROSTATEx,"https://doi.org/10.7937/k9tcia.2017.murs5cl, https://doi.org/10.7937/tcia.2019.deg7zg1u, https//doi.org/10.7937/tcia.nbb4-4655",Creative Commons Attribution 3.0 Unported License,346,349,18485,309415,16451300704,16.45 GB,PROSTATE,"MR, SEG","SIEMENS, QIICR",2017-03-29 00:00:00,2020-11-25 00:00:00,"2017-03-29, 2020-09-18, 2020-11-25"
Pancreas-CT,https://doi.org/10.7937/k9/tcia.2016.tnb1kqbu,Creative Commons Attribution 3.0 Unported License,80,80,80,18942,9954192018,9.95 GB,PANCREAS,CT,Not Specified,2016-02-03 21:08:48,2016-02-03 21:36:54,2016-02-03
Pancreatic-CT-CBCT-SEG,https://doi.org/10.7937/tcia.eshq-4d90,Creative Commons Attribution 4.0 International License,40,40,370,24246,14288519458,14.29 GB,"ABDOMEN, CHEST","CT, RTSTRUCT, RTDOSE","Philips, Varian Medical Systems / MIM Software, MIM Software Inc., GE MEDICAL SYSTEMS, Varian Medical Systems",2021-09-16 12:18:00,2022-08-23 00:00:00,"2021-09-16, 2022-08-23"
Pediatric-CT-SEG,https://doi.org/10.7937/tcia.x0h0-1706,Creative Commons Attribution-NonCommercial 4.0 International License,359,359,718,110442,65690509190,65.69 GB,"ABDOMEN, Not Specified","CT, RTSTRUCT","GE MEDICAL SYSTEMS, SIEMENS, Varian Medical Systems",2021-11-22 10:05:48,2022-03-16 14:51:12,"2021-11-22, 2022-03-16"
Pelvic-Reference-Data,https://doi.org/10.7937/tcia.2019.woskq5oo,Creative Commons Attribution 3.0 Unported License,58,116,116,13644,7187569884,7.19 GB,Not Specified,CT,"ELEKTA / MIM Software, Philips / MIM Software, SIEMENS / MIM Software",2019-09-13 00:00:00,2019-09-13 00:00:00,2019-09-13
Phantom FDA,https://doi.org/10.7937/k9/tcia.2015.orbjkmux,Creative Commons Attribution-NonCommercial 3.0 Unported License,7,76,4433,1468751,782219397360,782.22 GB,Not Specified,CT,"Philips, SIEMENS",2011-11-18 13:08:13,2017-08-01 22:31:01,"2011-11-18, 2011-11-19, 2012-05-10, 2012-05-11, 2014-07-30, 2014-07-31, 2017-07-31, 2017-08-01"
Prostate Fused-MRI-Pathology,https://doi.org/10.7937/k9/tcia.2016.tlpmr1am,Creative Commons Attribution 3.0 Unported License,28,28,324,32508,4743508634,4.74 GB,PROSTATE,MR,SIEMENS,2016-11-30 00:00:00,2016-11-30 00:00:00,2016-11-30
Prostate-3T,https://doi.org/10.7937/k9/tcia.2015.qjtv5il5,Creative Commons Attribution 3.0 Unported License,64,64,64,1258,297715610,297.72 MB,PROSTATE,MR,SIEMENS,2013-05-31 00:00:00,2013-05-31 00:00:00,2013-05-31
Prostate-Anatomical-Edge-Cases,https://doi.org/10.7937/qstf-st65,Creative Commons Attribution 4.0 International License,131,131,262,23490,17059489028,17.06 GB,"PELVIS, Not Specified","CT, RTSTRUCT","Philips, Varian Medical Systems",2023-05-18 00:00:00,2023-05-18 00:00:00,2023-05-18
Prostate-MRI-US-Biopsy,https://doi.org/10.7937/tcia.2020.a61ioc1a,Creative Commons Attribution 4.0 International License,1151,2799,4819,102397,79608734240,79.61 GB,"PELVIS, Not Specified, PROSTATE, ABDOMEN, TSPINE","MR, US","SIEMENS, Eigen, GE MEDICAL SYSTEMS, Siemens HealthCare GmbH, Philips Medical Systems, Philips Healthcare, Siemens, NA",2020-02-21 09:57:10,2023-10-20 00:00:00,"2020-02-21, 2023-10-20"
Pseudo-PHI-DICOM-Data,https://doi.org/10.7937/s17z-r072,Creative Commons Attribution 4.0 International License,42,44,52,3386,1274092726,1.27 GB,"EXTREMITY, BLADDER, BREAST, PELVIS, KIDNEY, CHEST, UTERUS, Not Specified","PT, CT, MG, MR, DX, CR","GE MEDICAL SYSTEMS, SIEMENS, VICTRE, Philips, Philips Medical Systems, FUJIFILM Corporation, TOSHIBA, LORAD",2020-11-20 09:51:24,2021-04-07 07:26:37,"2020-11-20, 2021-01-15, 2021-01-21, 2021-01-22, 2021-01-27, 2021-04-07"
QIBA CT-1C,https://doi.org/10.7937/k9/tcia.2016.yxgr4blu,Creative Commons Attribution 3.0 Unported License,1,468,1599,69258,36509592464,36.51 GB,"Not Specified, CHEST","CT, PR, SR, SEG","TOSHIBA, SIEMENS, Philips, GE MEDICAL SYSTEMS, Siemens Corporate Research",2011-11-28 00:00:00,2011-11-28 00:00:00,2011-11-28
QIBA-CT-Liver-Phantom,https://doi.org/10.7937/tcia.rmv0-9y95,Creative Commons Attribution 4.0 International License,3,5,684,102022,53854269134,53.85 GB,LIVER,CT,"SIEMENS, GE MEDICAL SYSTEMS",2021-04-27 00:00:00,2021-04-27 00:00:00,2021-04-27
QIN Breast DCE-MRI,https://doi.org/10.7937/k9/tcia.2014.a2n1ixox,Creative Commons Attribution 3.0 Unported License,20,62,1918,220505,49533968822,49.53 GB,"BREAST, Not Specified","MR, KO","SIEMENS, Not Specified",2014-07-02 00:00:00,2015-07-06 12:21:09,"2014-07-02, 2014-07-26, 2015-06-08, 2015-06-24, 2015-07-06"
QIN GBM Treatment Response,https://doi.org/10.7937/k9/tcia.2016.nqf4gpn2,TCIA Limited Access License,54,106,1942,589314,33510499600,33.51 GB,BRAIN,MR,SIEMENS,2015-08-07 15:24:11,2015-08-09 08:52:21,"2015-08-07, 2015-08-08, 2015-08-09"
QIN LUNG CT,"https://doi.org/10.7937/k9/tcia.2015.npgzyzbz, http://doi.org/10.7937/k9/tcia.2015.1buvfjr7",Creative Commons Attribution 3.0 Unported License,152,152,242,12013,6641853106,6.64 GB,"CHEST, LUNG, Not Specified","CT, SEG","SIEMENS, GE MEDICAL SYSTEMS, Philips, TOSHIBA, 3D Slicer Community",2014-12-16 15:13:45,2017-07-31 19:54:07,"2014-12-16, 2014-12-21, 2015-04-02, 2017-07-31"
QIN PET Phantom,https://doi.org/10.7937/k9/tcia.2015.zpukhckb,Creative Commons Attribution 3.0 Unported License,2,4,44,2816,246305000,246.31 MB,PHANTOM,PT,"Siemens, SIEMENS, GE MEDICAL SYSTEMS",2014-09-04 00:00:00,2014-09-04 00:00:00,2014-09-04
QIN PROSTATE,https://doi.org/10.7937/k9/tcia.2016.fads26kg,Creative Commons Attribution 3.0 Unported License,22,22,319,25981,4718793738,4.72 GB,PROSTATE,MR,GE MEDICAL SYSTEMS,2014-07-02 00:00:00,2014-07-02 00:00:00,2014-07-02
QIN-BRAIN-DSC-MRI,http://doi.org/10.7937/k9/tcia.2016.5di84js8,TCIA Limited Access License,49,52,349,116778,30756548044,30.76 GB,BRAIN,MR,"Imaging Biometrics LLC, GE MEDICAL SYSTEMS, SIEMENS",2019-08-21 14:11:17,2019-08-26 09:04:21,"2019-08-21, 2019-08-22, 2019-08-26"
QIN-BREAST,https://doi.org/10.7937/k9/tcia.2016.21juebh0,Creative Commons Attribution 3.0 Unported License,68,216,536,102451,11410861186,11.41 GB,BREAST,"CT, PT, MR","GE MEDICAL SYSTEMS, Philips Medical Systems",2012-05-24 17:15:25,2018-03-15 17:04:03,"2012-05-24, 2012-08-13, 2013-03-28, 2014-03-26, 2015-09-03, 2015-09-04, 2018-03-15"
QIN-BREAST-02,https://doi.org/10.7937/tcia.2019.4cfm06rr,Creative Commons Attribution 3.0 Unported License,13,34,235,31790,4188423964,4.19 GB,Not Specified,MR,Philips Medical Systems,2019-07-10 00:00:00,2019-07-10 00:00:00,2019-07-10
QIN-HEADNECK,https://doi.org/10.7937/k9/tcia.2015.k0f5cgli,TCIA Limited Access License,279,1032,3837,701002,201248009094,201.25 GB,"Not Specified, HEADNECK, THORAX, CHEST, ABDOMEN, UNDEFINED, NECK","PT, CT, SR, SEG, RWV","CPS, SIEMENS, GE MEDICAL SYSTEMS, Not Specified, QIICR, https://github.com/QIICR/Slicer-SUVFactorCalculator, PixelMed",2013-02-13 23:23:32,2020-07-13 10:14:45,"2013-02-13, 2013-02-14, 2013-03-14, 2013-04-25, 2014-08-23, 2015-04-17, 2015-11-15, 2019-07-24, 2019-10-30, 2020-01-10, 2020-07-13"
QIN-PROSTATE-Repeatability,https://doi.org/10.7937/k9/tcia.2018.mr1ckgnd,Creative Commons Attribution 4.0 International License,15,30,330,38500,14860216294,14.86 GB,"PROSTATE, Not Specified","SEG, MR, SR","QIICR, GE MEDICAL SYSTEMS",2020-10-31 01:27:39,2020-10-31 02:14:39,2020-10-31
QIN-SARCOMA,https://doi.org/10.7937/k9/tcia.2016.fxl9sess,Creative Commons Attribution 3.0 Unported License,15,38,2168,46614,10290917352,10.29 GB,"THIGH, SHOULDER, CHEST, CALF, ELBOW, KNEE, LOWERLIMB, BREAST",MR,SIEMENS,2014-09-04 00:00:00,2014-09-04 00:00:00,2014-09-04
RADCURE,https://doi.org/10.7937/j47w-nm11,TCIA Limited Access License,3346,3346,6683,615827,333128394744,333.13 GB,"HEADNECK, Not Specified, NECK, LARYNX","CT, RTSTRUCT","GE MEDICAL SYSTEMS, TOSHIBA, Philips, ADAC, MIRA",2023-06-14 00:00:00,2024-03-27 00:00:00,"2023-06-14, 2024-03-27"
REMBRANDT,https://doi.org/10.7937/k9/tcia.2015.588ozuzb,TCIA Limited Access License,130,174,1483,110020,10594772848,10.59 GB,BRAIN,MR,"Not Specified, General Electric, GE MEDICAL SYSTEMS, Normalized to NAWM Cr",2014-09-12 00:00:00,2014-09-12 00:00:00,2014-09-12
RHUH-GBM,https://doi.org/10.7937/4545-c905,TCIA Limited Access License,40,120,600,37425,15964322448,15.96 GB,"BRAIN, SKULL",MR,"GE MEDICAL SYSTEMS, Philips Medical Systems, SIEMENS, Philips",2023-06-09 00:00:00,2023-06-09 00:00:00,2023-06-09
RIDER Breast MRI,https://doi.org/10.7937/k9/tcia.2015.h1sxnuxl,Creative Commons Attribution 3.0 Unported License,5,10,40,2400,401609676,401.61 MB,BREAST,MR,Not Specified,2011-11-08 00:00:00,2011-11-08 00:00:00,2011-11-08
RIDER Lung CT,"https://doi.org/10.7937/k9/tcia.2015.u1x8a5nr, http://doi.org/10.7937/k9/tcia.2015.1buvfjr7, https://doi.org/10.7937/tcia.2020.jit9grk8, https://doi.org/10.7937/tcia.2020.1c3h-vp70",Creative Commons Attribution 4.0 International License,32,260,2072,82684,45040030218,45.04 GB,"CHEST, Not Specified","CT, SEG, RTSTRUCT, SR, PR","Not Specified, 3D Slicer Community, Varian Medical Systems, QIICR, Siemens Corporate Research, CoreLab Partners, Inc., GE MEDICAL SYSTEMS, pydicom-seg",2012-10-18 00:00:00,2024-06-25 00:00:00,"2012-10-18, 2020-02-03, 2023-05-24, 2024-06-25"
RIDER Lung PET-CT,https://doi.org/10.7937/k9/tcia.2015.ofip7tvm,Creative Commons Attribution 3.0 Unported License,243,274,1328,266280,83273574728,83.27 GB,CHEST,"PT, CT","GE MEDICAL SYSTEMS, GEMS, Vital Images, Inc, Philips, Not Specified, SIEMENS",2011-11-09 13:22:31,2011-11-10 04:40:42,"2011-11-09, 2011-11-10"
RIDER NEURO MRI,https://doi.org/10.7937/k9/tcia.2015.vosn3hn1,TCIA Limited Access License,19,108,368,70220,7785003844,7.79 GB,BRAIN,MR,SIEMENS,2011-11-08 11:50:16,2011-11-08 16:06:15,2011-11-08
RIDER PHANTOM MRI,https://doi.org/10.7937/k9/tcia.2015.mi4qddhu,Creative Commons Attribution 3.0 Unported License,10,13,45,7061,3603310752,3.60 GB,PHANTOM,MR,"GE MEDICAL SYSTEMS, SIEMENS",2011-11-09 07:34:24,2011-11-09 07:39:12,2011-11-09
RIDER PHANTOM PET-CT,https://doi.org/10.7937/k9/tcia.2015.8wg2kn4w,Creative Commons Attribution 3.0 Unported License,20,20,60,2231,722874316,722.87 MB,PHANTOM,"PT, CT",GE MEDICAL SYSTEMS,2011-09-11 00:00:00,2011-09-11 00:00:00,2011-09-11
RIDER Pilot,"https://doi.org/10.7937/m87f-mz83, https://doi.org/10.7937/tcia.2020.1c3h-vp70",Creative Commons Attribution 4.0 International License,8,154,774,21111,11259208456,11.26 GB,"Not Specified, CHEST","CT, DX, CR, PR, SEG, SR","GE MEDICAL SYSTEMS, FUJI PHOTO FILM Co., ltd., Not Specified, Siemens Corporate Research, CoreLab Partners, Inc.",2023-05-24 00:00:00,2023-05-24 00:00:00,2023-05-24
RPA-Head-and-Neck-Lymph-Nodes,https://doi.org/10.7937/fe3t-za58,TCIA Limited Access License,46,46,92,8788,4788696854,4.79 GB,"BRAIN, HEADNECK, PELVIS, Not Specified","CT, RTSTRUCT","Philips, SIEMENS, RaySearch Laboratories",2024-10-23 00:00:00,2024-10-23 00:00:00,2024-10-23
ReMIND,https://doi.org/10.7937/3rag-d070,Creative Commons Attribution 4.0 International License,114,228,1346,85733,43527792406,43.53 GB,"Not Specified, BRAIN","MR, SEG, US","Unknown manufacturer, QIICR, PixelMed",2023-09-26 00:00:00,2023-09-26 00:00:00,2023-09-26
S0819,"https://doi.org/10.7937/dt39-js04, https://doi.org/10.7937/r0r8-bn93",NCTN Data Archive License,1299,6292,52689,3578443,1818181557306,1.82 TB,"Not Specified, CHEST, ABDOMEN, CHESTABDPELVIS, ABDOMENPELVIS, NECK, PELVIS, HEAD, CHESTABDOMEN, PET, WHOLEBODY, NECKCHESTABDPELV, NECKCHEST, HIP, BRAIN, TSPINE, THORAX, EXTREMITY, SHOULDER, LUNG, SPINE, HEADNECK, LOWERLIMB","PT, CT, MR, SC, NM, RTSTRUCT","GE MEDICAL SYSTEMS, SIEMENS, TOSHIBA, GE MEDICAL SYSTEMS / MIMvista, Philips, Not Specified, Philips Medical Systems, CPS, Siemens, SIEMENS NM, Barco, SIEMENS / MIMvista, GE MEDICAL SYSTEMS, NUCLEAR, MIM Software, GE MEDICAL SYSTEMS / MIM Software, OsiriX, Hitachi Medical Corporation, AMICAS Inc., Philips / MIMvista, Philips Medical Systems / MIMvista, TOSHIBA_MEC, Anonymized Manufacturer, ECAT, McKesson Medical Imaging Group, Philips Medical Systems / MIM Software, GEMS, HMSA, Open Health Imaging Foundation",2023-03-30 00:00:00,2024-11-09 00:00:00,"2023-03-30, 2023-05-24, 2024-11-09"
SPIE-AAPM Lung CT Challenge,https://doi.org/10.7937/k9/tcia.2015.uzlsu3fl,Creative Commons Attribution 3.0 Unported License,70,70,70,22489,12065083140,12.07 GB,LUNG,CT,Philips,2014-11-21 00:00:00,2014-11-21 00:00:00,2014-11-21
Soft-tissue-Sarcoma,https://doi.org/10.7937/k9/tcia.2015.7go2gsks,Creative Commons Attribution 3.0 Unported License,51,102,612,38283,9870434084,9.87 GB,EXTREMITY,"CT, RTSTRUCT, MR, PT","GE MEDICAL SYSTEMS, MIM Software Inc., SIEMENS, SIEMENS / MIM Software, GE MEDICAL SYSTEMS / MIM Software, Philips Medical Systems / MIM Software, Philips Medical Systems, Varian Medical Systems / MIM Software, Varian Medical Systems",2015-05-27 15:53:33,2020-05-21 15:31:16,"2015-05-27, 2015-05-29, 2015-06-01, 2015-06-02, 2020-05-21"
Spine-Mets-CT-SEG,https://doi.org/10.7937/kh36-ds04,Creative Commons Attribution 4.0 International License,55,55,110,35582,20358450490,20.36 GB,"SPINE, CHEST, ABDOMEN, PELVIS","CT, SEG","SIEMENS, GE MEDICAL SYSTEMS, QIICR",2024-09-25 00:00:00,2024-09-25 00:00:00,2024-09-25
StageII-Colorectal-CT,https://doi.org/10.7937/p5k5-tg43,Creative Commons Attribution 4.0 International License,230,230,230,13850,7307281330,7.31 GB,"PELVIS, ABDOMEN",CT,"SIEMENS, Philips",2022-04-11 09:55:08,2022-04-11 09:58:18,2022-04-11
TCGA-BLCA,https://doi.org/10.7937/k9/tcia.2016.8lng8xdr,Creative Commons Attribution 3.0 Unported License,120,192,1051,111781,58033969070,58.03 GB,"BLADDER, ABDOMEN, Not Specified, CHEST","CT, CR, MR, PT, DX","SIEMENS, GE MEDICAL SYSTEMS, Philips, TOSHIBA, PNMS, FUJIFILM Corporation, Not Specified, Philips Medical Systems, FUJI PHOTO FILM Co., ltd., Siemens, Agfa, ""GE Healthcare"", Vital Images, Inc",2014-03-18 08:50:42,2020-04-22 15:05:32,"2014-03-18, 2014-03-23, 2014-12-05, 2016-01-22, 2016-05-26, 2016-07-25, 2016-08-23, 2017-01-23, 2017-10-06, 2019-08-17, 2019-08-21, 2020-04-22"
TCGA-BRCA,"https://doi.org/10.7937/k9/tcia.2016.ab2nazrp, https://doi.org/10.7937/tcia.2019.wgllssg1",Creative Commons Attribution 3.0 Unported License,139,164,2041,230331,88129900546,88.13 GB,"BREAST, Not Specified","MR, MG, SR","GE MEDICAL SYSTEMS, Confirma Inc., SIEMENS, LORAD, Philips Medical Systems, PixelMed",2011-11-30 16:18:19,2020-05-15 16:00:46,"2011-11-30, 2011-12-01, 2012-01-06, 2012-06-29, 2012-10-04, 2012-12-19, 2013-11-04, 2013-11-08, 2014-12-26, 2014-12-29, 2020-04-22, 2020-05-15"
TCGA-CESC,https://doi.org/10.7937/k9/tcia.2016.sq4m8yp4,Creative Commons Attribution 3.0 Unported License,54,57,488,19135,9500120724,9.50 GB,CERVIX,MR,"GE MEDICAL SYSTEMS, Philips Medical Systems, SIEMENS",2014-12-05 10:43:50,2014-12-05 13:54:44,2014-12-05
TCGA-COAD,https://doi.org/10.7937/k9/tcia.2016.hjjhboxz,Creative Commons Attribution 3.0 Unported License,25,32,93,8387,4500335138,4.50 GB,COLON,"CT, OT","SIEMENS, TOSHIBA, GE MEDICAL SYSTEMS, Philips, VisualPACS_OT, McKesson Medical Imaging Group",2014-04-21 15:11:42,2014-10-14 12:30:04,"2014-04-21, 2014-06-03, 2014-10-14"
TCGA-ESCA,https://doi.org/10.7937/k9/tcia.2016.vptnrgfy,Creative Commons Attribution 3.0 Unported License,16,17,126,20593,10943194300,10.94 GB,ESOPHAGUS,CT,"GE MEDICAL SYSTEMS, SIEMENS",2014-12-03 12:16:08,2020-04-22 14:30:23,"2014-12-03, 2020-04-22"
TCGA-GBM,"https://doi.org/10.7937/k9/tcia.2016.rnyfuye9, https://doi.org/10.7937/k9/tcia.2014.fab7yrpz, https://doi.org/10.7937/tcia.2018.ow6ce3ml",TCIA Limited Access License,262,575,6208,481954,75348540174,75.35 GB,BRAIN,"MR, CT, DX, SEG","GE MEDICAL SYSTEMS, GE, Philips Medical Systems, Not Specified, General Electric, Radiology Research, Philips, SIEMENS, Vital Images, Inc, FUJI PHOTO FILM Co., ltd., HITACHI MEDICAL CORPORATION, Barco, QIICR",2011-05-28 21:17:39,2023-08-07 00:00:00,"2011-05-28, 2011-05-29, 2011-12-13, 2012-01-23, 2012-01-26, 2012-07-19, 2013-02-13, 2013-11-26, 2014-03-20, 2014-04-08, 2014-05-03, 2014-07-23, 2014-10-09, 2015-08-18, 2016-12-20, 2020-04-23, 2023-08-07"
TCGA-HNSC,https://doi.org/10.7937/k9/tcia.2016.lxkq47ms,TCIA Limited Access License,227,479,2561,270376,129625755622,129.63 GB,"HEADNECK, Not Specified","CT, PT, MR, OT, RTDOSE, RTSTRUCT, RTPLAN","GE MEDICAL SYSTEMS, SIEMENS, CPS, Vital Images, Inc, Philips, TOSHIBA, Siemens, Philips Medical Systems, Barco, GE MEDICAL SYSTEMS / MIMvista, Picker International, Inc., Olea Medical, TERARECON, ADAC",2013-10-16 15:33:01,2020-04-22 13:21:05,"2013-10-16, 2014-02-17, 2014-05-15, 2014-05-16, 2014-05-18, 2014-07-09, 2014-07-14, 2014-08-27, 2014-08-28, 2014-11-21, 2014-11-22, 2016-10-20, 2017-03-29, 2018-08-14, 2018-08-29, 2020-04-22"
TCGA-KICH,https://doi.org/10.7937/k9/tcia.2016.yu3rbczn,Creative Commons Attribution 3.0 Unported License,15,15,109,9221,4559578586,4.56 GB,KIDNEY,"MR, CT","GE MEDICAL SYSTEMS, SIEMENS, TOSHIBA",2014-03-14 11:04:49,2014-03-19 15:10:34,"2014-03-14, 2014-03-19"
TCGA-KIRC,https://doi.org/10.7937/k9/tcia.2016.v6pbvtdr,Creative Commons Attribution 3.0 Unported License,267,439,2654,192581,91564106658,91.56 GB,"KIDNEY, Kidney","CT, MR, CR","Philips Medical Systems, Philips, GE MEDICAL SYSTEMS, SIEMENS, TOSHIBA_MEC, FUJI PHOTO FILM Co., ltd., FUJIFILM Corporation, Barco, Siemens",2012-08-01 11:14:02,2014-09-18 07:50:51,"2012-08-01, 2012-12-13, 2013-05-29, 2013-05-30, 2013-06-07, 2013-06-08, 2013-10-11, 2013-10-12, 2013-11-06, 2013-11-07, 2013-11-19, 2014-03-19, 2014-07-07, 2014-07-08, 2014-09-17, 2014-09-18"
TCGA-KIRP,https://doi.org/10.7937/k9/tcia.2016.acwogbef,Creative Commons Attribution 3.0 Unported License,33,47,376,26667,10268166402,10.27 GB,"KIDNEY, Not Specified","CT, MR, PT","SIEMENS, Agfa HealthCare Informatics, GE MEDICAL SYSTEMS, Philips Medical Systems, Philips, TOSHIBA",2013-07-29 15:16:20,2017-01-23 20:44:38,"2013-07-29, 2013-07-30, 2013-11-26, 2014-09-19, 2014-09-22, 2017-01-23"
TCGA-LGG,"https://doi.org/10.7937/k9/tcia.2016.l4ltd3tk, https://doi.org/10.7937/tcia.2018.ow6ce3ml",TCIA Limited Access License,199,219,2783,241691,44886878484,44.89 GB,BRAIN,"MR, CT, SEG","GE MEDICAL SYSTEMS, Philips, Philips Medical Systems, SIEMENS, General Electric, Siemens, Philips Healthcare, Hitachi Medical Corporation, Toshiba, QIICR",2012-07-24 13:00:09,2020-04-22 16:20:54,"2012-07-24, 2013-01-04, 2013-07-09, 2014-04-21, 2014-05-16, 2014-06-27, 2014-06-30, 2014-07-15, 2014-07-16, 2014-07-17, 2014-08-28, 2020-04-22"
TCGA-LIHC,https://doi.org/10.7937/k9/tcia.2016.immqw8uq,Creative Commons Attribution 3.0 Unported License,97,237,1688,125397,56376277436,56.38 GB,LIVER,"CT, MR, PT","GE MEDICAL SYSTEMS, Not Specified, SIEMENS, Philips, Philips Healthcare, TOSHIBA, Siemens, Philips Medical Systems",2013-10-07 22:53:09,2017-01-23 19:51:32,"2013-10-07, 2014-03-13, 2014-03-14, 2014-04-24, 2014-04-25, 2016-05-26, 2016-06-09, 2017-01-23"
TCGA-LUAD,https://doi.org/10.7937/k9/tcia.2016.jgnihep5,Creative Commons Attribution 3.0 Unported License,69,152,624,48931,19615883960,19.62 GB,"CHEST, LUNG","PT, CT, NM","CPS, SIEMENS, SIEMENS NM, Siemens, GE MEDICAL SYSTEMS, CTI / MIMvista, ADAC, CTI, GE_MEDICAL_SYSTEMS",2012-12-05 07:40:19,2017-01-23 20:39:05,"2012-12-05, 2013-11-14, 2014-03-27, 2017-01-23"
TCGA-LUSC,https://doi.org/10.7937/k9/tcia.2016.tygkkfmq,Creative Commons Attribution 3.0 Unported License,37,74,279,36518,15017464500,15.02 GB,LUNG,"CT, PT, NM","SIEMENS, CPS, Siemens, GE MEDICAL SYSTEMS, SIEMENS NM, Philips, GE MEDICAL SYSTEMS / MIMvista, Vital Images, Inc.",2014-03-25 15:28:31,2017-01-23 19:41:05,"2014-03-25, 2014-06-11, 2014-09-16, 2015-04-28, 2017-01-23"
TCGA-OV,https://doi.org/10.7937/k9/tcia.2016.ndo1mdfq,Creative Commons Attribution 3.0 Unported License,143,322,844,53662,28302509590,28.30 GB,OVARY,"CT, MR, OT","SIEMENS, GE MEDICAL SYSTEMS, Siemens, Philips, TOSHIBA, Imatron, Not Specified",2013-08-28 23:24:07,2020-05-21 15:39:55,"2013-08-28, 2013-08-30, 2013-12-09, 2014-02-20, 2014-06-12, 2014-08-14, 2014-10-31, 2014-11-03, 2014-11-04, 2020-05-21"
TCGA-PRAD,https://doi.org/10.7937/k9/tcia.2016.yxoglm4y,Creative Commons Attribution 3.0 Unported License,14,20,207,16790,3739241300,3.74 GB,PROSTATE,"MR, CT, PT","GE MEDICAL SYSTEMS, SIEMENS, Vital Images, Inc, Siemens, SIEMENS NM, CPS",2013-02-22 17:06:58,2017-01-23 20:33:40,"2013-02-22, 2015-06-26, 2017-01-23"
TCGA-READ,https://doi.org/10.7937/k9/tcia.2016.f7ppnpnu,Creative Commons Attribution 3.0 Unported License,3,4,34,1796,423483788,423.48 MB,RECTUM,"MR, CT",SIEMENS,2014-04-24 15:26:05,2014-05-19 11:41:09,"2014-04-24, 2014-05-19"
TCGA-SARC,https://doi.org/10.7937/k9/tcia.2016.cx6ylsux,Creative Commons Attribution 3.0 Unported License,5,6,33,5653,2804098756,2.80 GB,"CHESTABDPELVIS, LOWERLIMB, TSPINE","CT, MR",GE MEDICAL SYSTEMS,2014-12-29 10:57:15,2014-12-29 11:15:51,2014-12-29
TCGA-STAD,https://doi.org/10.7937/k9/tcia.2016.gdhl9kim,Creative Commons Attribution 3.0 Unported License,46,46,308,43908,23316625360,23.32 GB,STOMACH,CT,"SIEMENS, GE MEDICAL SYSTEMS, Not Specified",2014-12-04 08:43:40,2020-04-22 12:27:11,"2014-12-04, 2014-12-09, 2020-04-22"
TCGA-THCA,https://doi.org/10.7937/k9/tcia.2016.9zfrvf1b,Creative Commons Attribution 3.0 Unported License,6,7,28,2780,1154685616,1.15 GB,THYROID,"CT, PT","GE MEDICAL SYSTEMS, SIEMENS, Philips",2014-04-22 09:23:32,2014-12-30 08:26:20,"2014-04-22, 2014-12-30"
TCGA-UCEC,https://doi.org/10.7937/k9/tcia.2016.gkj0zwac,Creative Commons Attribution 3.0 Unported License,65,226,912,77214,37849594376,37.85 GB,"UTERUS, Not Specified, ABDOMEN","CT, PT, MR, CR","SIEMENS, GE MEDICAL SYSTEMS, Not Specified, Philips Medical Systems, TOSHIBA, Philips, FUJIFILM Corporation, SIEMENS NM",2014-11-05 15:11:42,2018-10-15 16:18:31,"2014-11-05, 2014-11-06, 2014-12-15, 2015-05-27, 2018-10-15"
UPENN-GBM,https://doi.org/10.7937/tcia.709x-dn49,Creative Commons Attribution 4.0 International License,630,3301,3680,828234,139398709144,139.40 GB,"BRAIN, Not Specified, HEADNECK, HEAD, OTHER, UNKNOWN, CSPINE",MR,"SIEMENS, GE MEDICAL SYSTEMS, Siemens HealthCare GmbH",2022-06-21 00:00:00,2022-06-21 00:00:00,2022-06-21
VAREPOP-APOLLO,https://doi.org/10.7937/ghkn-md15,Creative Commons Attribution 4.0 International License,32,174,1131,137441,75934710298,75.93 GB,"Not Specified, CHEST, ABDOMEN, FEMORALA, LSPINE, CHESTABDPELVIS, ADRENAL, NECK, PELVIS, EXTREMITY, CHESTABDOMEN, ABDOMENPELVIS, THORAX","CT, MR, PT","GE MEDICAL SYSTEMS, TOSHIBA, SIEMENS, Philips Medical Systems, Philips",2024-12-06 00:00:00,2024-12-06 00:00:00,2024-12-06
VICTRE,https://doi.org/10.7937/tcia.2019.ho23nxaw,Creative Commons Attribution 3.0 Unported License,2994,8749,8749,217913,1027194806702,1.03 TB,BREAST,MG,VICTRE,2019-03-08 00:00:00,2019-03-08 00:00:00,2019-03-08
Vestibular-Schwannoma-MC-RC,https://doi.org/10.7937/hrzh-2n82,Creative Commons Attribution 4.0 International License,124,301,354,22086,10016078492,10.02 GB,"BRAIN, Not Specified, IAC, HEADNECK, HEAD, EAR",MR,"SIEMENS, GE MEDICAL SYSTEMS, Philips Medical Systems, Philips Healthcare",2023-08-23 00:00:00,2023-08-23 00:00:00,2023-08-23
Vestibular-Schwannoma-SEG,https://doi.org/10.7937/tcia.9ytj-5q73,Creative Commons Attribution 4.0 International License,242,242,1936,48582,28194769210,28.19 GB,"Not Specified, BRAIN","MR, RTPLAN, RTSTRUCT, RTDOSE","SIEMENS, Elekta",2021-02-26 00:00:00,2021-02-26 00:00:00,2021-02-26
